,code,geocode,name,lat,lng,prov_id,tambon_name,amphoe_name,province_name,basin,name_e,tambon_name_e,amphoe_name_e,province_name_e,wl_offset,station_type,left_bank,right_bank,ground_level,rid_critical_level
0,BKK001,104201.0,คลองลาดพร้าว ท้ายปตร.คลอง2,13.922305,100.634267,10.0,สายไหม,สายไหม,กรุงเทพมหานคร,แม่น้ำเจ้าพระยา,Krung Thep 1,Sai Mai,Sai Mai,Bangkok,0.0,W,2.563,2.758,-1.9,
1,BKK002,130114.0,คลองเปรมประชากร หลักหก,13.96563,100.60258,13.0,หลักหก,เมืองปทุมธานี,ปทุมธานี,แม่น้ำเจ้าพระยา,Krung Thep 2,Lak Hok,Mueang Pathum Thani,Pathum Thani,0.0,W,1.575,1.292,-1.372,
2,BKK003,101902.0,คลองมหาสวัสดิ บางกรวย-สวนผัก,13.79957,100.43872,10.0,ตลิ่งชัน,ตลิ่งชัน,กรุงเทพมหานคร,แม่น้ำเจ้าพระยา,Krung Thep 3,Taling Chan,Taling Chan,Bangkok,0.0,W,2.069,2.152,-3.101,
3,BKK004,104802.0,คลองทวีวัฒนา ท้ายปตร.ทวีวัฒนา,13.79566,100.33194,10.0,ศาลาธรรมสพน์,ทวีวัฒนา,กรุงเทพมหานคร,แม่น้ำเจ้าพระยา,Krung Thep 4,Sala Thammasop,Thawi Watthana,Bangkok,0.0,W,1.422,1.877,-1.835,
4,BKK005,104004.0,คลองภาษีเจริญ เพชรเกษม69,13.691615,100.381393,10.0,หลักสอง,บางแค,กรุงเทพมหานคร,แม่น้ำเจ้าพระยา,Krung Thep 5,Lak Song,Bang Khae,Bangkok,0.0,W,1.637,1.415,-1.605,
5,BKK006,740113.0,คลองมหาชัย วัดพันท้ายนรสิงห์,13.58182,100.36586,74.0,พันท้ายนรสิงห์,เมืองสมุทรสาคร,สมุทรสาคร,แม่น้ำท่าจีน,Krung Thep 6,Phanthai Norasing,Mueang Samut Sakhon,Samut Sakhon,0.0,W,1.924,1.084,-5.328,
6,BKK007,120301.0,คลองอ้อมนนท์ บางใหญ่ (ถนนบางกรวย-ไทรน้อย),13.87101,100.43628,12.0,บางม่วง,บางใหญ่,นนทบุรี,แม่น้ำเจ้าพระยา,Krung Thep 7,Bang Muang,Bang Yai,Nonthaburi,0.0,W,1.592,1.738,-3.274,
7,BKK008,100608.0,คลองแสนแสบ บางกะปิ,13.7614,100.61606,10.0,หัวหมาก,บางกะปิ,กรุงเทพมหานคร,แม่น้ำเจ้าพระยา,Krung Thep 8,Hua Mak,Bang Kapi,Bangkok,0.0,W,0.922,0.881,-5.368,
8,BKK009,101101.0,คลองลำปลาทิว ลาดกระบัง,13.74064,100.79477,10.0,ลาดกระบัง,ลาดกระบัง,กรุงเทพมหานคร,แม่น้ำบางปะกง,Krung Thep 9,Lat Krabang,Lat Krabang,Bangkok,0.0,W,0.6228,1.188,-3.171,
9,BKK012,110601.0,คลองสำโรง บางเสาธง,13.589267,100.802235,11.0,บางเสาธง,บางเสาธง,สมุทรปราการ,แม่น้ำบางปะกง,Krung Thep 12,Bang Sao Thong,Bang Sao Thong,Samut Prakan,0.0,W,1.782,0.646,-2.678,
10,BKK013,130407.0,คลองระพีพัฒน์แยกใต้ หนองเสือ,14.22066,100.89169,13.0,นพรัตน์,หนองเสือ,ปทุมธานี,แม่น้ำเจ้าพระยา,Rabibadhana Nong Suea,Nopparat,Klong Suea,Pathum Thani,0.0,W,3.96,5.025,-0.58,
11,BKK015,130604.0,คลองหกวา ลำลูกกา คลอง8,13.94155,100.77493,13.0,ลำลูกกา,ลำลูกกา,ปทุมธานี,แม่น้ำบางปะกง,Lam Luk Ka Klong8,Lam Luk Ka,Lam Luk Ka,Pathum Thani,0.0,W,2.706,2.789,-2.48,
12,BKK016,240301.0,ปากคลองพระองค์เจ้าฯ (บางน้ำเปรี้ยว),13.83822,100.96671,24.0,บางน้ำเปรี้ยว,บางน้ำเปรี้ยว,ฉะเชิงเทรา,แม่น้ำบางปะกง,Bang Nam Priao,Bang Nam Priao,Bang Nam Priao,Chachoengsao,0.0,W,1.387,1.237,-2.43,
13,BKK017,110603.0,คลองจระเข้ใหญ่ บางเสาธง (วัดศรีวารีน้อย),13.66962,100.80054,11.0,ศีรษะจรเข้ใหญ่,บางเสาธง,สมุทรปราการ,แม่น้ำบางปะกง,Sri Varee Noi Temple,Sisa Chorakhe Yai,Bang Sao Thong,Samut Prakan,0.0,W,,,86.46164426877469,
14,BKK018,120501.0,คลองพระพิมล (ไทรน้อย),13.97395,100.31896,12.0,ไทรน้อย,ไทรน้อย,นนทบุรี,แม่น้ำเจ้าพระยา,Phra Pimol Sai Noi,Sai Noi,Sai Noi,Nonthaburi,0.0,W,4.05,4.36,-2.04,
15,BKK019,730513.0,คลองนราภิรมย์ (บางเลน),13.88213,100.29083,73.0,นราภิรมย์,บางเลน,นครปฐม,แม่น้ำเจ้าพระยา,Khlong Narapirom,Naraphirom,Bang Len,Nakhon Phanom,0.0,W,4.337,3.96,-1.59,
16,BKK020,103801.0,คลองลาดพร้าว ปากคลอง2สายใต้,13.93181,100.63953,10.0,ลาดพร้าว,ลาดพร้าว,กรุงเทพมหานคร,แม่น้ำเจ้าพระยา,Klong Ladprao Klong 2 Sai Tai,Lat Phrao,Lat Phrao,Bangkok,0.0,W,4.4571,4.6521,86.46164426877469,
17,BKK021,100502.0,คลองลาดพร้าว วัดบางบัว,13.85411,100.5875,10.0,อนุสาวรีย์,บางเขน,กรุงเทพมหานคร,แม่น้ำเจ้าพระยา,Klong Ladprao Bang Bua Temple,Anusawari,Bang Khen,Bangkok,0.0,W,,,-0.33,
18,BPK001,240402.0,บางปะกง,13.548725,101.001545,24.0,ท่าสะอ้าน,บางปะกง,ฉะเชิงเทรา,แม่น้ำบางปะกง,Bangpakong 1,Tha Sa-an,Bang Pakong,Chachoengsao,0.0,W,1.65,1.65,-12.774,
19,BPK002,240113.0,เมืองฉะเชิงเทรา,13.65914,101.06339,24.0,บางพระ,เมืองฉะเชิงเทรา,ฉะเชิงเทรา,แม่น้ำบางปะกง,Bangpakong 2,Bang Phra,Mueang Chachoengsao,Chachoengsao,0.0,W,1.893,2.089,-11.808,
20,BPK003,240302.0,บางน้ำเปรี้ยว,13.87032,101.14574,24.0,บางขนาก,บางน้ำเปรี้ยว,ฉะเชิงเทรา,แม่น้ำบางปะกง,Bang Nam Priao,Bang Ka-nak,Bang Nam Priao,Chachoengsao,0.0,W,2.077,3.562,-9.515,
21,BPK004,240601.0,พนมสารคาม,13.72653,101.35303,24.0,เกาะขนุน,พนมสารคาม,ฉะเชิงเทรา,แม่น้ำบางปะกง,Phanom Sarakham,Ko Khanun,Phanom Sarakham,Chachoengsao,0.0,W,7.145,6.291,-0.794,
22,BSP002,770403.0,คลองขนาน,11.24064,99.43523,77.0,ร่อนทอง,บางสะพาน,ประจวบคีรีขันธ์,ชายฝั่งทะเลประจวบคีรีขันธ์,Khlong Khanan,Ron Thong,Bang Saphan,Prachuap Khiri Khan,7.389,W,16.475,16.765,10.959,
23,CHI001,360205.0,บ้านเขว้า,15.9331,101.69954,36.0,ภูแลนคา,บ้านเขว้า,ชัยภูมิ,แม่น้ำชี,Chi 1,Phu Lan Ka,Ban Khwao,Chaiyaphum,0.0,W,210.024,208.523,199.52,
24,CHI002,360801.0,หนองบัวระเหว,15.77047,101.81252,36.0,หนองบัวระเหว,หนองบัวระเหว,ชัยภูมิ,แม่น้ำชี,Chi 2,Nong Bua Rawe,Nong Bua Rawe,Chaiyaphum,0.0,W,194.221,193.789,185.68,198.0
25,CHI003,360105.0,เมืองชัยภูมิ,15.68159,102.00953,36.0,บ้านค่าย,เมืองชัยภูมิ,ชัยภูมิ,แม่น้ำชี,Chi 3,Ban Khai,Mueang Chaiyaphum,Chaiyaphum,0.0,W,183.769,184.331,176.74,
26,CHI004,302301.0,แก้งสนามนาง,15.75297,102.25305,30.0,แก้งสนามนาง,แก้งสนามนาง,นครราชสีมา,แม่น้ำชี,Chi 4,Kaeng Sanam Nang,Kaeng Sanam Nang,Nakhon Ratchasima,0.0,W,175.937,175.683,163.44,
27,CHI005,401801.0,ชนบท,16.09691,102.56998,40.0,ชนบท,ชนบท,ขอนแก่น,แม่น้ำชี,Chi 5,Chonnabot,Chonnabot,Khon Kaen,0.0,W,158.412,158.754,145.05,
28,CHI006,400104.0,สะพานท่าพระ,16.32589,102.78593,40.0,ท่าพระ,เมืองขอนแก่น,ขอนแก่น,แม่น้ำชี,Chi 6,Tha Phra,Mueang Khon Kaen,Khon Kaen,0.0,W,153.212,153.812,143.81,
29,CHI007,440301.0,โกสุมพิสัย,16.25108,103.07407,44.0,หัวขวาง,โกสุมพิสัย,มหาสารคาม,แม่น้ำชี,Chi 7,Hua Khwang,Kosum Phisai,Maha Sarakham,0.0,W,148.024,149.433,133.64,
30,CHI009,451017.0,เสลภูมิ,16.0342,103.90716,45.0,ขวัญเมือง,เสลภูมิ,ร้อยเอ็ด,แม่น้ำชี,Chi 9,Khwan Meuang,Selaphum,Roi Et,0.0,W,129.48,129.278,116.83,
31,CHI010,350601.0,มหาชนะชัย,15.52483,104.24972,35.0,ฟ้าหยาด,มหาชนะชัย,ยโสธร,แม่น้ำชี,Chi 10,Fa Yad,Maha Chana Chai,Yasothon,0.0,W,121.98,121.98,109.665,
32,CHI011,340401.0,เขื่องใน,15.32273,104.5465,34.0,เขื่องใน,เขื่องใน,อุบลราชธานี,แม่น้ำชี,Chi 11,Khueang Nai,Khueang Nai,Ubon Ratchathani,0.0,W,116.881,116.339,105.23,
33,CHI012,440107.0,เมืองมหาสารคาม,16.23234,103.27104,44.0,เกิ้ง,เมืองมหาสารคาม,มหาสารคาม,แม่น้ำชี,Mueang Maha Sarakham,Koeng,Mueang Maha Sarakham,Maha Sarakham,0.0,W,124.8,124.57,108.285,
34,CHI013,460709.0,ยางตลาด,16.41118,103.46714,46.0,ดอนสมบูรณ์,ยางตลาด,กาฬสินธุ์,แม่น้ำชี,Yang Talad,Don Sombun,Yang Talat,Kalasin,0.0,W,123.99,125.17,115.6,
35,CHI014,350107.0,เมืองยโสธร,15.96448,104.0153,35.0,เดิด,เมืองยโสธร,ยโสธร,แม่น้ำชี,Chi 14,Doed,Mueang Yasothon,Yasothon,0.0,W,128.0,128.0,120.0,
36,CHI015,400116.0,เมืองขอนแก่น,16.5289,102.90582,40.0,หนองตูม,เมืองขอนแก่น,ขอนแก่น,แม่น้ำชี,Mueang Khon Kaen,Nong Tum,Mueang Khon Kaen,Khon Kaen,0.0,W,132.475,133.253,121.85,
37,CHM001,501409.0,สันทราย,19.00986,98.95976,50.0,แม่แฝก,สันทราย,เชียงใหม่,แม่น้ำปิง,Chiang Mai 1,Mae Faek,San Sai,Chiang Mai,0.0,W,323.263,322.99,312.303,
38,CHM002,501601.0,ฮอด,18.1785,98.6303,50.0,หางดง,ฮอด,เชียงใหม่,แม่น้ำปิง,Chiang Mai 2,Hang Dong,Hot,Chiang Mai,0.0,W,297.439,298.077,290.7,
39,CHM003,501005.0,แม่อาย,20.06152,99.36226,50.0,ท่าตอน,แม่อาย,เชียงใหม่,แม่น้ำกก,Chiang Mai 3,Tha Ton,Mae Ai,Chiang Mai,0.0,W,450.643,449.753,439.91,
40,CHM004,500401.0,เชียงดาว,19.36731,98.96883,50.0,เชียงดาว,เชียงดาว,เชียงใหม่,แม่น้ำปิง,Chiang Mai 4,Chiang Dao,Chiang Dao,Chiang Mai,0.0,W,381.849,382.589,378.799,
41,CHM005,500601.0,แม่แตง,19.12229,98.94451,50.0,สันมหาพน,แม่แตง,เชียงใหม่,แม่น้ำปิง,Chiang Mai 5,San Maha Phon,Mae Taeng,Chiang Mai,0.0,W,336.264,336.284,329.0,
42,CHM006,500204.0,จอมทอง,18.42321,98.69834,50.0,ข่วงเปา,จอมทอง,เชียงใหม่,แม่น้ำปิง,Chiang Mai 6,Khuang Pao,Chom Thong,Chiang Mai,0.0,W,277.206,277.253,267.778,
43,CHM007,500905.0,ฝาง,19.85577,99.19542,50.0,แม่สูน,ฝาง,เชียงใหม่,แม่น้ำกก,Chiang Mai 7,Mae Soon,Fang,Chiang Mai,0.0,W,474.177,474.495,467.726,
44,CHN001,220107.0,เมืองจันทบุรี,12.6136,102.114,22.0,จันทนิมิต,เมืองจันทบุรี,จันทบุรี,ชายฝั่งทะเลตะวันออก,Chanthaburi 1,Chathanimit,Mueang Chanthaburi,Chantaburi,0.0,W,3.4119,3.3409,-2.062,
45,CHN002,221001.0,เขาคิชฌกูฏ,12.7939,102.113,22.0,ชากไทย,เขาคิชฌกูฏ,จันทบุรี,ชายฝั่งทะเลตะวันออก,Khao Khitchakut,Sak Thai,Khao Khitchakut,Chantaburi,0.0,W,16.862,16.619,10.019,
46,CHN004,220801.0,แก่งหางแมว,12.98686,101.89969,22.0,แก่งหางแมว,แก่งหางแมว,จันทบุรี,ชายฝั่งทะเลตะวันออก,Kaeng Hang Maeo,Kaeng Hang Maeo,Kaeng Hang Maeo,Chantaburi,0.0,W,26.6001,24.9611,86.46164426877469,
47,CHN005,220906.0,นายายอาม,12.72249,101.95608,22.0,วังใหม่,นายายอาม,จันทบุรี,ชายฝั่งทะเลตะวันออก,Na Yai Am,Wang Mai,Na Yai Am,Chantaburi,0.0,W,7.2559,4.2759,86.46164426877469,
48,CHR001,570116.0,เมืองเชียงราย,19.826335,99.778917,57.0,ป่าอ้อดอนชัย,เมืองเชียงราย,เชียงราย,แม่น้ำกก,Chaing Rai 1,Pa O Don Chai,Mueang Chiang Rai,Chiang Rai,0.0,W,404.204,404.562,399.85,
49,CHR002,570401.0,เทิง,19.68827,100.18742,57.0,เวียง,เทิง,เชียงราย,แม่น้ำโขง,Chaing Rai 2,Vieng,Toen,Chiang Rai,0.0,W,366.973,366.012,358.091,
50,CHR003,570701.0,แม่จัน,20.15759,99.85955,57.0,แม่จัน,แม่จัน,เชียงราย,แม่น้ำโขง,Chaing Rai 3,Mae Chan,Mae Chan,Chiang Rai,0.0,W,411.658,411.532,405.604,
51,CHR004,571001.0,แม่สรวย,19.6524,99.53796,57.0,แม่สรวย,แม่สรวย,เชียงราย,แม่น้ำกก,Chaing Rai 4,Mae Suai,Mae Suai,Chiang Rai,0.0,W,455.329,455.916,450.183,
52,CHR005,570806.0,สะพานโยนกนาคนคร,20.21965,100.12104,57.0,โยนก,เชียงแสน,เชียงราย,แม่น้ำกก,Chaing Rai 5,Wiang,Chiang Saen,Chiang Rai,0.0,W,362.887,362.962,352.287,
53,CMP001,860109.0,เมืองชุมพร,10.57456,99.14567,86.0,หาดพันไกร,เมืองชุมพร,ชุมพร,ภาคใต้ฝั่งตะวันออก,Chumphon 1,Hat Phan Krai,Mueang Chomphon,Chumphon,0.0,W,8.133,8.787,-0.749,
54,CMP002,860402.0,หลังสวน,9.95334,99.06411,86.0,ขันเงิน,หลังสวน,ชุมพร,ภาคใต้ฝั่งตะวันออก,Luang Suan,Kan Ngoen,Luang Suan,Chumphon,0.0,W,4.761,4.148,-3.609,
55,CPY001,600101.0,สะพานเดชาติวงศ์,15.6886,100.124,60.0,ปากน้ำโพ,เมืองนครสวรรค์,นครสวรรค์,แม่น้ำเจ้าพระยา,Chao Phraya 1,Pak Nam Pho,Mueang Nakhon Sawan,Nakhon Sawan,0.0,W,26.45,25.72,16.14,
56,CPY002,601008.0,พยุหะคีรี,15.42675,100.13473,60.0,ท่าน้ำอ้อย,พยุหะคีรี,นครสวรรค์,แม่น้ำเจ้าพระยา,Chao Phraya 2,Tha Nam Oi,Phayuha Khiri,Nakhon Sawan,0.0,W,21.44,21.39,9.093,
57,CPY003,180202.0,ปตร.มโนรมย์,15.32767,100.10909,18.0,วัดโคก,มโนรมย์,ชัยนาท,แม่น้ำเจ้าพระยา,Chao Phraya 3,Wa Khok,Manorom,Chai Nat,0.0,W,18.214,18.648,12.193,
58,CPY004,180107.0,สะพานธรรมจักร(วัดธรรมามูล),15.250484,100.08331,18.0,ธรรมามูล,เมืองชัยนาท,ชัยนาท,แม่น้ำเจ้าพระยา,Chao Phraya 4,Thammamum,Mueang Chai Nat,Chai Nat,0.0,W,18.98,17.08,-0.827,
59,CPY005,180405.0,สรรพยา,15.109499,100.268555,18.0,โพนางดำออก,สรรพยา,ชัยนาท,แม่น้ำเจ้าพระยา,Chao Phraya 5,Pho Nang Dam Ok,Sapphaya,Chai Nat,0.0,W,15.14,15.24,3.411,
60,CPY006,170601.0,อินทร์บุรี,15.00595,100.3309,17.0,อินทร์บุรี,อินทร์บุรี,สิงห์บุรี,แม่น้ำเจ้าพระยา,Chao Phraya 6,In Buri,In Buri,Sing Buri,0.0,W,13.19,12.56,2.438,
61,CPY007,170402.0,พรหมบุรี,14.7909136,100.4518272,17.0,พรหมบุรี,พรหมบุรี,สิงห์บุรี,แม่น้ำเจ้าพระยา,Chao Phraya 7,Phrom Buri,Phrom Buri,Sing Buri,0.0,W,10.2,11.3,-1.85,
62,CPY008,150102.0,เมืองอ่างทอง,14.57619,100.44869,15.0,บางแก้ว,เมืองอ่างทอง,อ่างทอง,แม่น้ำเจ้าพระยา,Chao Phraya 8,Bang Kaeo,Mueang Ang Thong,Ang Thong,0.0,W,9.05,9.41,-1.365,
63,CPY009,140513.0,คลองโผงเผง,14.41581,100.44073,14.0,บางหลวงโดด,บางบาล,พระนครศรีอยุธยา,แม่น้ำเจ้าพระยา,Chao Phraya 9,Bang Luang Dot,Bang Ban,Phra Nakhon Si Ayutthaya,0.0,W,4.316,4.536,-5.407,4.6
64,CPY010,140503.0,คลองบางบาล,14.423129,100.481881,14.0,ไทรน้อย,บางบาล,พระนครศรีอยุธยา,แม่น้ำเจ้าพระยา,Chao Phraya 10,Sai Noi,Bang Ban,Phra Nakhon Si Ayutthaya,0.0,W,4.92,4.85,-2.002,
65,CPY011,140108.0,พระนครศรีอยุธยา,14.369151,100.528514,14.0,ภูเขาทอง,พระนครศรีอยุธยา,พระนครศรีอยุธยา,แม่น้ำเจ้าพระยา,Chao Phraya 11,Phu Khao Thong,Phra Nakhon Si Ayutthaya,Phra Nakhon Si Ayutthaya,0.0,W,3.87,3.42,-3.929,4.58
66,CPY012,140618.0,บางปะอิน,14.304666,100.566393,14.0,ขนอนหลวง,บางปะอิน,พระนครศรีอยุธยา,แม่น้ำเจ้าพระยา,Chao Phraya 12,Khanon Luang,Bang Pa-in,Phra Nakhon Si Ayutthaya,0.0,W,2.24,3.48,-4.208,2.98
67,CPY013,140421.0,บางไทร,14.1187,100.535426,14.0,โพแตง,บางไทร,พระนครศรีอยุธยา,แม่น้ำเจ้าพระยา,Chao Phraya 13,Pho Taeng,Bang Sai,Phra Nakhon Si Ayutthaya,0.0,W,2.49,2.31,-10.18,2.49
68,CPY014,120603.0,สะพานนวลฉวี,13.915725,100.494031,12.0,บ้านใหม่,ปากเกร็ด,นนทบุรี,แม่น้ำเจ้าพระยา,Chao Phraya 14,Ban Mai,Pak Kret,Nonthaburi,0.0,W,3.03,2.27,-13.373,
69,CPY015,101506.0,สะพานกรุงเทพ,13.700918,100.49204,10.0,ดาวคะนอง,ธนบุรี,กรุงเทพมหานคร,แม่น้ำเจ้าพระยา,Chao Phraya 15,Dao Khanong,Thon Buri,Bangkok,0.0,W,2.58,2.78,-7.94,
70,CPY016,141003.0,คลองพระยาบรรลือ,14.16493,100.30735,14.0,สามเมือง,ลาดบัวหลวง,พระนครศรีอยุธยา,แม่น้ำเจ้าพระยา,Chao Phraya 16,Sam Mueang,Lat Bua Luang,Phra Nakhon Si Ayutthaya,0.0,W,4.055,4.055,-1.051,
71,CPY017,141217.0,เสนา,14.3197504,100.3795456,14.0,เจ้าเสด็จ,เสนา,พระนครศรีอยุธยา,แม่น้ำเจ้าพระยา,Sena,Chao Saded,Sena,Phra Nakhon Si Ayutthaya,0.0,W,3.831,3.802,-3.016,
72,DIV001,640702.0,คลองผันน้ำยม-น่าน1,17.366183,99.8437,64.0,ในเมือง,สวรรคโลก,สุโขทัย,แม่น้ำยม,Yom-Nan1,Nai Mueang,  Sawankhalok,Sukhothai,0.0,W,61.504,62.326,53.43,
73,DIV002,650602.0,คลองผันน้ำยม-น่าน2,16.954011,100.121299,65.0,ท่าช้าง,พรหมพิราม,พิษณุโลก,แม่น้ำยม,Yom-Nan2,Tha Chang,Phrom Phiram,Phitsanulok,0.0,W,44.43,43.45,37.49,
74,DIV003,530705.0,คลองผันน้ำยม-น่าน3,17.292606,100.077617,53.0,คอรุม,พิชัย,อุตรดิตถ์,แม่น้ำน่าน,Yom-Nan 3,Kho Rum,Phichai,Uttaradit,0.0,W,53.36,52.76,43.78,
75,DIV004,650120.0,คลองผันน้ำยม-น่าน4,16.67178,100.24578,65.0,งิ้วงาม,เมืองพิษณุโลก,พิษณุโลก,แม่น้ำยม,Yom-Nan4,Ngio Ngam,Mueang Phitsanulok,Phitsanulok,0.0,W,43.42,43.5,34.87,
76,DIV005,620110.0,ท่อทองแดง1,16.497095,99.519492,62.0,หนองปลิง,เมืองกำแพงเพชร,กำแพงเพชร,แม่น้ำปิง,Tor Thong Daeng1,Nong Pling,Mueang Kamphaeng Phet,Kamphaeng Phet,0.0,W,77.64,77.94,73.42,
77,DIV006,640308.0,ท่อทองแดง2,16.825629,99.812738,64.0,หนองกระดิ่ง,คีรีมาศ,สุโขทัย,แม่น้ำยม,Tor Thong Daeng 2,Nong Krading,Khiri Mat,Sukhothai,0.0,W,47.09,47.04,43.15,
78,DNP004,560603.0,สะพานน้ำเงิน,19.2289,100.326,56.0,ออย,ปง,พะเยา,แม่น้ำยม,Nam Nguen Bridge,Oi,Pong,Phayao,0.0,W,313.952,313.08,309.6,
79,DNP006,560602.0,สะพานบ้านขุนควร,19.15033,100.38987,56.0,ควร,ปง,พะเยา,แม่น้ำยม,Ban Khun Khuan Bridge,Khuan,Pong,Phayao,0.0,W,319.66,319.09,315.92,
80,DNP019,540704.0,สะพานน้ำแม่สิน,17.797853,99.787411,54.0,นาพูน,วังชิ้น,แพร่,แม่น้ำยม,Mae Sin Bridge,Na Phun,Wang Chin,Phrae,0.0,W,119.16,121.16,113.24,
81,DNP022,560403.0,สถานีโทรมาตรฯ สะพานน้ำแม่จั้วะ,19.020065,100.264243,56.0,สระ,เชียงม่วน,พะเยา,แม่น้ำยม,Mae Jour Water Bridge Reservation Study Unit ,Sa,Chiang Muan,Phrae,0.0,W,275.255,276.795,263.61,
82,DNP024,540210.0,สะพานแม่คำมี,18.37017,100.39559,54.0,ไผ่โทน,ร้องกวาง,แพร่,แม่น้ำยม,Kham Me Bridge,Phai Thon,Rong Kwang,Phrae,0.0,W,243.03,244.1,240.6,
83,DNP026,540303.0,สะพานน้ำแม่ต้า,18.15877,99.94369,54.0,ต้าผามอก,ลอง,แพร่,แม่น้ำยม,Mae Ta Bridge,Ta Pha Mok,Long,Phrae,0.0,W,159.13,160.18,151.8,
84,DNP027,540112.0,สะพานแม่แคม,18.13054,100.21721,54.0,สวนเขื่อน,เมืองแพร่,แพร่,แม่น้ำยม,Mae Kham Bridge,Suan Khuean,Mueang Phrae,Phrae,0.0,W,258.97,258.27,86.46164426877469,
85,DNP032,640505.0,สะพานบ้านตึก,17.58679,99.87724,64.0,บ้านตึก,ศรีสัชนาลัย,สุโขทัย,แม่น้ำยม,Ban Tuek Bridge Water Reservation Study Unit,Ban Tuek,Si Satchanalai,Sukhothai,0.0,W,84.89,87.08,80.0,
86,FOP005,550504.0,ลำน้ำขว้าง (ฝายจ้าว),19.1801,100.959,55.0,ศิลาแลง,ปัว,น่าน,แม่น้ำน่าน,,,,,0.0,W,297.352,298.202,292.322,
87,FOP008,550504.0,ลำน้ำกูน,19.1489,100.9464,55.0,ศิลาแลง,ปัว,น่าน,แม่น้ำน่าน,,,,,0.0,W,299.443,298.736,296.909,
88,FOP011,551101.0,สะพานน้ำมวบ (บ้านภูแยง),18.924,100.9266,55.0,ดู่พงษ์,สันติสุข,น่าน,แม่น้ำน่าน,,,,,0.0,W,265.274,266.646,258.874,
89,FOP013,550206.0,บ้านตอง,18.8465,101.0289,55.0,แม่จริม,แม่จริม,น่าน,แม่น้ำน่าน,,,,,0.0,W,360.682,362.172,356.712,
90,FOP014,471101.0,สะพานลำน้ำยาม,17.59521,103.969,47.0,อากาศ,อากาศอำนวย,สกลนคร,แม่น้ำโขง,,,,,,W,151.486,151.486,141.64,151.01
91,GLF001,110503.0,ป้อมพระจุลจอมเกล้า,13.573825,100.57397,11.0,แหลมฟ้าผ่า,พระสมุทรเจดีย์,สมุทรปราการ,แม่น้ำเจ้าพระยา,Chulachomklao Fortress,Laem Fa Pha,Phra Samut Chedi,Samut Prakan,0.0,W,2.849,2.724,86.46164426877469,
92,GLF002,740117.0,ปากแม่น้ำท่าจีน,13.51778,100.27497,74.0,บางหญ้าแพรก,เมืองสมุทรสาคร,สมุทรสาคร,แม่น้ำท่าจีน,Thachin River ,Bang Ya Phraek,Mueang Samut Sakhon,Samut Sakhon,0.0,W,,,86.46164426877469,
93,GLF003,760707.0,บางตะบูน,13.265754,99.941627,76.0,บางตะบูนออก,บ้านแหลม,เพชรบุรี,แม่น้ำเพชรบุรี,Bang Tabun,Bang Tabun Ok,Ban Laem,Phetchaburi,0.0,W,3.614,2.997,-5.77,
94,HDA004,141406.0,คลองช่องสะเดา,14.3447648,100.670112,14.0,อุทัย,อุทัย,พระนครศรีอยุธยา,แม่น้ำเจ้าพระยา,Chong Sa Dao,Uthai,Uthai,Phra Nakhon Si Ayutthaya,,W,3.33,3.027,0.727,
95,HDA005,140604.0,วัดขนอนใต้,14.2882768,100.611328,14.0,บ้านกรด,บางปะอิน,พระนครศรีอยุธยา,แม่น้ำเจ้าพระยา,Khanon Ti Temple,Ban Krot,Bang Pa-in,Phra Nakhon Si Ayutthaya,,W,2.613,2.537,-1.967,
96,JNA001,900301.0,จะนะ,6.91706,100.72992,90.0,บ้านนา,จะนะ,สงขลา,ภาคใต้ฝั่งตะวันออก,Chana 1,Ban Na,Chana,Songkhla,0.0,W,4.334,4.774,0.514,
97,JNA002,900401.0,นาทวี,6.73793,100.69326,90.0,นาทวี,นาทวี,สงขลา,ภาคใต้ฝั่งตะวันออก,Na Tawi,Na Tawi,Na Thawi,Songkhla,0.0,W,,,86.46164426877469,
98,KON001,420901.0,วังสะพุง,17.31285,101.77195,42.0,วังสะพุง,วังสะพุง,เลย,แม่น้ำโขง,Khong 1,Wang Saphung,Wang Saphung,Loei,0.0,W,245.675,244.313,237.19,
99,KON002,420111.0,เมืองเลย,17.50929,101.73639,42.0,ชัยพฤกษ์,เมืองเลย,เลย,แม่น้ำโขง,Khong 2,Chaiyaphruek,Mueang Loei,Loei,0.0,W,236.879,238.082,229.13,
100,KON003,390501.0,สุวรรณคูหา,17.575794,102.273167,39.0,นาสี,สุวรรณคูหา,หนองบัวลำภู,แม่น้ำโขง,Khong 3,Na Si,Suwannakhuha,Nong Bua Lam Phu,0.0,W,199.928,198.245,195.68,
101,KON004,410107.0,เมืองอุดรธานี,17.48206,102.796743,41.0,หมูม่น,เมืองอุดรธานี,อุดรธานี,แม่น้ำโขง,Khong 4,Mu Mon,Mueang Udon Thani,Udon Thani,0.0,W,171.542,171.037,165.873,
102,KON005,411113.0,บ้านดุง,17.63979,103.098958,41.0,นาคำ,บ้านดุง,อุดรธานี,แม่น้ำโขง,Khong 5,Na Kham,Ban Dung,Udon Thani,0.0,W,162.162,161.306,151.111,
103,KRN001,710105.0,เมืองกาญจนบุรี,14.0606,99.4832,71.0,แก่งเสี้ยน,เมืองกาญจนบุรี,กาญจนบุรี,แม่น้ำแม่กลอง,Kanchanaburi 1,Kaeng Sian,Mueang Kanchanaburi,Kanchanaburi,0.0,W,28.893,25.593,20.106,
104,KRN002,710201.0,ไทรโยค,14.11254,99.1462,71.0,ลุ่มสุ่ม,ไทรโยค,กาญจนบุรี,แม่น้ำแม่กลอง,Sai Yok,Lum Sum,Sai Yok,Kanchanaburi,0.0,W,48.338,48.704,30.844,
105,KRN003,710108.0,วังด้ง,14.13691,99.38306,71.0,วังด้ง,เมืองกาญจนบุรี,กาญจนบุรี,แม่น้ำแม่กลอง,Wang Dong,Wang Dong,Mueang Kanchanaburi,Kanchanaburi,26.393,W,41.089,40.383,86.46164426877469,
106,KRN004,710204.0,ลิ่นถิ่น,14.53566,98.78765,71.0,ไทรโยค,ไทรโยค,กาญจนบุรี,แม่น้ำแม่กลอง,Lin Thin,Sai Yok,Sai Yok,Kanchanaburi,57.751,W,70.524,72.886,86.46164426877469,
107,KWN001,650201.0,นครไทย,17.10704,100.84586,65.0,นครไทย,นครไทย,พิษณุโลก,แม่น้ำน่าน,Nakhon Thai,Nakhon Thai,Nakhon Thai,Phitsanulok,0.0,W,202.138,201.597,196.54,
108,KWN002,650701.0,วัดโบสถ์,16.99876,100.32665,65.0,วัดโบสถ์,วัดโบสถ์,พิษณุโลก,แม่น้ำน่าน,Wat Bot 2,Wat Bot,Wat Bot,Phitsanulok,0.0,W,49.229,49.435,39.581,
109,LBI001,140714.0,บางปะหัน,14.4273344,100.5560256,14.0,โพธิ์สามต้น,บางปะหัน,พระนครศรีอยุธยา,แม่น้ำเจ้าพระยา,Lop Buri 1,Pho Sam Ton,Bang Pahun,Phra Nakhon Si Ayutthaya,0.0,W,1.743,1.743,-4.405,
110,LBI002,160122.0,เมืองลพบุรี,14.76051,100.59966,16.0,โพธิ์เก้าต้น,เมืองลพบุรี,ลพบุรี,แม่น้ำเจ้าพระยา,Lop Buri 2,Pho Kao ton,Mueang Lop Buri,Lop Buri,0.0,W,6.849,6.45,0.129,
111,MDC001,820506.0,ตลาดเก่าตะกั่วป่า,8.82935,98.3692,82.0,โคกเคียน,ตะกั่วป่า,พังงา,ภาคใต้ฝั่งตะวันตก,Takua Pa Market,Khok Khian,Takua Pa,Phang Nga,0.0,W,4.435,3.618,86.46164426877469,
112,MDC002,841005.0,เขาสก,8.88086,98.8529,84.0,พังกาญจน์,พนม,สุราษฎร์ธานี,แม่น้ำตาปี,Khao Sok,Phangkan,Phanom,Surat Thani,0.0,W,,,86.46164426877469,
113,MDC003,930512.0,คลองนางเรียม(ทะเลน้อย),7.78019,100.197,93.0,พนางตุง,ควนขนุน,พัทลุง,ทะเลสาบสงขลา,Khlong Nang Riam,Phanang Tung,Khuan Khanun,Phatthalung,0.0,W,,,86.46164426877469,
114,MDC006,800112.0,คลองท่าดี,8.39958,99.83317,80.0,กำแพงเซา,เมืองนครศรีธรรมราช,นครศรีธรรมราช,ภาคใต้ฝั่งตะวันออก,Khlong Ta Dee,Kamphaeng Sao,Mueang Nakhon Si Thammarat,Nakhon Si Thammarat,0.0,W,22.18,22.18,18.0,
115,MKG005,740306.0,บ้านแพ้ว,13.57559,100.07886,74.0,หนองบัว,บ้านแพ้ว,สมุทรสาคร,แม่น้ำแม่กลอง,Ban Paew,Nong Bua,Ban Paew,Samut Sakhon,0.0,W,0.912,1.309,-2.03,
116,MKG006,750101.0,พระรามสอง,13.3836352,99.9836032,75.0,แม่กลอง,เมืองสมุทรสงคราม,สมุทรสงคราม,แม่น้ำแม่กลอง,Phra Ram 2,Mae Khlong,Mueang Samut Songkhram,Samut Songkhram,0.0,W,4.4906,3.158,-13.512,
117,MUN002,303205.0,เฉลิมพระเกียรติ,14.96809,102.23791,30.0,หนองยาง,เฉลิมพระเกียรติ,นครราชสีมา,แม่น้ำมูล,Mun 2,Nong Yang,Chaloem Phra Kiat,Nakhon Ratchasima,0.0,W,168.933,168.099,160.66,
118,MUN003,301703.0,ชุมพวง,15.28664,102.68459,30.0,ท่าลาด,ชุมพวง,นครราชสีมา,แม่น้ำมูล,Mun 3,Tha Lat,Chum Phuang,Nakhon Ratchasima,0.0,W,146.418,147.081,140.53,
119,MUN004,301501.0,พิมาย,15.2015328,102.4896832,30.0,ในเมือง,พิมาย,นครราชสีมา,แม่น้ำมูล,Mun 4,Nai Mueang,Phimai,Nakhon Ratchasima,0.0,W,155.3,155.7,147.18,155.8
120,MUN005,330901.0,ราษีไศล,15.33945,104.15237,33.0,เมืองคง,ราษีไศล,ศรีสะเกษ,แม่น้ำมูล,Mun 5,Mueang Khong,Rasi Salai,Si Sa Ket,0.0,W,121.302,120.793,109.57,
121,MUN006,341510.0,วารินชำราบ,15.2056,104.8139,34.0,คำน้ำแซบ,วารินชำราบ,อุบลราชธานี,แม่น้ำมูล,Mun 6,Kham Nam Saep,Warin Chamrap,Ubon Ratchathani,0.0,W,117.35,115.954,102.73,
122,MUN008,310202.0,คูเมือง,15.43523,103.01248,31.0,ปะเคียบ,คูเมือง,บุรีรัมย์,แม่น้ำมูล,Mun 8,Pa Khiap,Khu Mueang,Buri Ram,0.0,W,108.124,110.812,102.348,
123,MUN009,320122.0,เมืองสุรินทร์,14.87526,103.37908,32.0,ตระแสง,เมืองสุรินทร์,สุรินทร์,แม่น้ำมูล,Mun 9,Trasaeng,Mueang Surin,Surin,0.0,W,136.703,135.283,128.037,
124,MUN010,330101.0,เมืองศรีสะเกษ,15.11806,104.31895,33.0,เมืองเหนือ,เมืองศรีสะเกษ,ศรีสะเกษ,แม่น้ำมูล,Mueang Sisaket,Mueang Nuea,Mueang Sisaket,Si Sa Ket,0.0,W,118.0,122.094,109.11,
125,MUN011,341910.0,พิบูลมังสาหาร,15.24965,105.23927,34.0,โพธิ์ศรี,พิบูลมังสาหาร,อุบลราชธานี,แม่น้ำมูล,Mun 11,Pho Sri,Phibun Mangsahan,Ubon Ratchathani,0.0,W,114.234,115.535,106.296,
126,MUN012,310713.0,ประโคนชัย,14.63322,103.23026,31.0,ไพศาล,ประโคนชัย,บุรีรัมย์,แม่น้ำมูล,Mun 12,Phaisan,Prakhon Chai,Buri Ram,0.0,W,149.775,150.25,143.25,
127,MUN013,331201.0,ห้วยทับทัน,15.04834,104.02157,33.0,ห้วยทับทัน,ห้วยทับทัน,ศรีสะเกษ,แม่น้ำมูล,Mun 13,Huai Thap Than,Huai Thap Than,Si Sa Ket,0.0,W,128.446,129.574,118.659,
128,MUN014,311102.0,สตึก,15.29988,103.29216,31.0,นิคม,สตึก,บุรีรัมย์,แม่น้ำมูล,Mun 14,Nikhom,Satuek,Buri Ram,0.0,W,110.76,111.114,101.846,
129,MUN015,320310.0,ท่าตูม,15.32965,103.68252,32.0,ทุ่งกุลา,ท่าตูม,สุรินทร์,แม่น้ำมูล,Mun 15,Thug Kula,Ta Tum,Surin,0.0,W,126.055,126.089,115.63,
130,MUN016,350504.0,ป่าติ้ว,15.83999,104.4557,35.0,เชียงเพ็ง,ป่าติ้ว,ยโสธร,แม่น้ำมูล,Pa Tiew,Chiang Pheng,Pa Tiew,Yasothon,0.0,W,102.733,102.973,96.203,
131,MUN017,340405.0,เมืองอุบลราชธานี,15.32762,104.68186,34.0,หัวดอน,เขื่องใน,อุบลราชธานี,แม่น้ำมูล,Mun 17,Hua Don,Khueang Nai,Ubon Ratchathani,0.0,W,116.188,115.147,106.45,
132,NAN001,550609.0,ท่าวังผา,19.09619388,100.8025958,55.0,ท่าวังผา,ท่าวังผา,น่าน,แม่น้ำน่าน,Nan 1,Tha Wang Pha,Tha Wang Pha,Nan,0.0,W,224.384,226.497,217.08,
133,NAN002,551405.0,ภูเพียง,18.85961282,100.8171894,55.0,เมืองจัง,ภูเพียง,น่าน,แม่น้ำน่าน,Nan 2,Mueang Chang,Phu Phiang,Nan,0.0,W,207.863,206.317,196.91,
134,NAN003,551406.0,เมืองน่าน,18.73804112,100.7562613,55.0,ท่าน้าว,ภูเพียง,น่าน,แม่น้ำน่าน,Nan 3,Tha Nao,Phu Phiang,Nan,0.0,W,195.218,198.194,187.61,
135,NAN004,530701.0,พิชัย,17.2944,100.08308,53.0,ในเมือง,พิชัย,อุตรดิตถ์,แม่น้ำน่าน,Nan 4,Nai Mueang,Phichai,Uttaradit,0.0,W,51.196,54.876,42.85,
136,NAN005,650808.0,แม่น้ำเข็ก (ว้งทอง),16.85493,100.66673,65.0,วังนกแอ่น,วังทอง,พิษณุโลก,แม่น้ำน่าน,Nan 5,Wang Nok Arn,Wang Thong,Phitsanulok,0.0,W,136.628,136.624,134.96,
137,NAN006,650503.0,บางกระทุ่ม,16.58053,100.23859,65.0,โคกสลุด,บางกระทุ่ม,พิษณุโลก,แม่น้ำน่าน,Nan 6,Khok Salut,Bang Krathum,Phitsanulok,0.0,W,40.044,40.406,30.36,
138,NAN007,660402.0,ตะพานหิน,16.27033,100.41396,66.0,งิ้วราย,ตะพานหิน,พิจิตร,แม่น้ำน่าน,Nan 7,Ngio Rai,Taphan Hin,Phichit,0.0,W,34.343,34.696,22.39,
139,NAN008,600304.0,ชุมแสง,15.86919,100.26479,60.0,เกยไชย,ชุมแสง,นครสวรรค์,แม่น้ำน่าน,Nan 8,Koei Chai,Chum Saeng,Nakhon Sawan,0.0,W,28.3,28.3,16.208,
140,NAN009,550706.0,เวียงสา,18.55018,100.76156,55.0,ส้าน,เวียงสา,น่าน,แม่น้ำน่าน,Wieng Sa,San,Wiang Sa,Nan,0.0,W,183.73,185.07,178.25,
141,NAN010,530402.0,น้ำปาด,17.790896,100.7490112,53.0,บ้านฝาย,น้ำปาด,อุตรดิตถ์,แม่น้ำน่าน,Nan 10,Ban Fai,Nam Pat,Uttaradit,0.0,W,162.292,158.351,152.744,
142,NAN011,530104.0,เมืองอุตรดิตถ์,17.61027,100.09961,53.0,ป่าเซ่า,เมืองอุตรดิตถ์,อุตรดิตถ์,แม่น้ำน่าน,Nan 11,Pa Chao,Mueang Uttaradit,Uttaradit,0.0,W,57.462,60.592,49.28,
143,NAN012,650110.0,เมืองพิษณุโลก,16.86488,100.24485,65.0,ปากโทก,เมืองพิษณุโลก,พิษณุโลก,แม่น้ำน่าน,Nan 12,Pak Thok,Mueang Phitsanulok,Phitsanulok,0.0,W,45.044,45.36,33.617,
144,NAN013,650801.0,วังทอง,16.82247,100.43184,65.0,วังทอง,วังทอง,พิษณุโลก,แม่น้ำน่าน,Nan 13,Wang Thong,Wang Thong,Phitsanulok,0.0,W,49.923,49.272,39.952,
145,NAN014,530203.0,ตรอน,17.418305,100.13089,53.0,หาดสองแคว,ตรอน,อุตรดิตถ์,แม่น้ำน่าน,NAN 14,Had Song Kwae,Tron,Uttaradit,0.0,W,53.976,52.156,44.976,
146,NKO001,800901.0,ทุ่งสง,8.17496,99.67879,80.0,ปากแพรก,ทุ่งสง,นครศรีธรรมราช,ภาคใต้ฝั่งตะวันตก,Nakhon Si Thammarat 1,Pak Phraek,Thung Song,Nakhon Si Thammarat,0.0,W,53.993,54.54,49.18,
147,NKO002,800611.0,เชียรใหญ่,8.08925,100.12788,80.0,การะเกด,เชียรใหญ่,นครศรีธรรมราช,ภาคใต้ฝั่งตะวันออก,Nakhon Si Thammarat 2,Karaket,Chian Yai,Nakhon Si Thammarat,0.0,W,3.564,3.515,-11.456,
148,NKO003,801801.0,ถ้ำพรรณรา,8.39126,99.39515,80.0,ถ้ำพรรณรา,ถ้ำพรรณรา,นครศรีธรรมราช,แม่น้ำตาปี,Nakhon Si Thammarat 3,Tham Phannara,Tham Phannara,Nakhon Si Thammarat,13.336,W,20.854,21.854,10.436,
149,NKO004,801106.0,ทุ่งใหญ่,8.41452,99.24983,80.0,บางรูป,ทุ่งใหญ่,นครศรีธรรมราช,แม่น้ำตาปี,Nakhon Si Thammarat 4,Bang Rup,Thung Yai ,Nakhon Si Thammarat,4.82,W,16.24,16.56,9.62,
150,NPI001,800806.0,ท่าศาลา,8.786807443,99.9112705,80.0,สระแก้ว,ท่าศาลา,นครศรีธรรมราช,ภาคใต้ฝั่งตะวันออก,Nop Phi Tam 1,Sa Kaeo,Tha Sala,Nakhon Si Thammarat,0.0,W,7.492,3.24,-0.928,
151,NPI002,800806.0,นบพิตำ,8.72007,99.79544,80.0,สระแก้ว,ท่าศาลา,นครศรีธรรมราช,ภาคใต้ฝั่งตะวันออก,Nop Phi Tam 2,Sa Kaeo,Tha Sala,Nakhon Si Thammarat,0.0,W,23.109,24.18,13.448,
152,NYK000,260409.0,องครักษ์,14.11363,101.01955,26.0,องครักษ์,องครักษ์,นครนายก,แม่น้ำบางปะกง,Ongkharak,Ongkharak,Ongkharak,Nakhon Nayok,0.0,W,4.797,2.512,-3.96,
153,NYK001,260309.0,สะพานวังแก่ง,14.36487,101.090275,26.0,เขาเพิ่ม,บ้านนา,นครนายก,แม่น้ำบางปะกง,Wong Kaeng Bridge,Khao Phoem,Ban Na,Nakhon Nayok,0.0,W,,,86.46164426877469,
154,NYK008,260109.0,สะพานเขานางบวช,14.24578,101.27438,26.0,ศรีนาวา,เมืองนครนายก,นครนายก,แม่น้ำบางปะกง,Khao Nang Buat Bridge,Si Nawa,Mueang Nakhon Nayok,Nakhon Nayok,0.0,W,,,86.46164426877469,
155,NYK014,250603.0,สะพานโยธกา,13.974944,101.1430784,25.0,บางเตย,บ้านสร้าง,ปราจีนบุรี,แม่น้ำบางปะกง,Yothaka Bridge,Bang Toei,Ban Sang,Prachin Buri,0.0,W,,,86.46164426877469,
156,PAI001,580104.0,เมืองแม่ฮ่องสอน,19.36708,97.96655,58.0,ปางหมู,เมืองแม่ฮ่องสอน,แม่ฮ่องสอน,แม่น้ำสาละวิน,Pai 1,Pang Mu,Mueang Mae Hong Son,Mae Hong Son,0.0,W,208.492,208.882,200.26,
157,PAI002,580302.0,ปาย,19.37391,98.43965,58.0,เวียงเหนือ,ปาย,แม่ฮ่องสอน,แม่น้ำสาละวิน,Pai 2,Wian Nuea,Pai,Mae Hong Son,0.0,W,506.531,506.657,499.607,
158,PAS001,670301.0,หล่มสัก,16.78158,101.246569,67.0,หล่มสัก,หล่มสัก,เพชรบูรณ์,แม่น้ำป่าสัก,Pa Sak 1,Lom Sak,Lom Sak,Phetchabun,0.0,W,143.642,143.672,138.46,
159,PAS002,670104.0,เมืองเพชรบูรณ์,16.44798,101.1702,67.0,สะเดียง,เมืองเพชรบูรณ์,เพชรบูรณ์,แม่น้ำป่าสัก,Pa Sak 2,Sadiang,Mueang Phetchabun,Phetchabun,0.0,W,115.896,115.958,109.95,
160,PAS003,670702.0,หนองไผ่,16.11507,101.09705,67.0,นาเฉลียง,หนองไผ่,เพชรบูรณ์,แม่น้ำป่าสัก,Pa Sak 3,Na Chaliang,Nong Phai,Phetchabun,0.0,W,93.567,94.169,87.62,
161,PAS004,670501.0,วิเชียรบุรี,15.6558576,101.100768,67.0,ท่าโรง,วิเชียรบุรี,เพชรบูรณ์,แม่น้ำป่าสัก,Pa Sak 4,Tha Rong,Wichian Buri,Phetchabun,0.0,W,67.77,67.378,56.941,
162,PAS005,160417.0,ชัยบาดาล,15.263862,101.192375,16.0,นิคมลำนารายณ์,ชัยบาดาล,ลพบุรี,แม่น้ำป่าสัก,Pa Sak 5,Nikhon Lam Narai,Chai Badan,Lop Buri,0.0,W,46.973,43.256,34.02,
163,PAS006,191201.0,วังม่วง,14.74093,101.05972,19.0,แสลงพัน,วังม่วง,สระบุรี,แม่น้ำป่าสัก,Pa Sak 6,Saleang Phan,Wang Muang,Saraburi,0.0,W,24.838,21.173,9.56,
164,PAS007,190101.0,เมืองสระบุรี,14.557736,100.923809,19.0,ปากเพรียว,เมืองสระบุรี,สระบุรี,แม่น้ำป่าสัก,Pa Sak 7,Pak Phriao,Mueang Saraburi,Saraburi,0.0,W,11.224,14.417,-0.25,
165,PAS008,140201.0,ท่าเรือ,14.5601888,100.7198464,14.0,ท่าเรือ,ท่าเรือ,พระนครศรีอยุธยา,แม่น้ำป่าสัก,Pa Sak 8,Tha Ruea,Tha Ruea,Phra Nakhon Si Ayutthaya,0.0,W,8.789,6.72,-4.17,
166,PAS009,140303.0,นครหลวง,14.403124,100.586504,14.0,บ่อโพง,นครหลวง,พระนครศรีอยุธยา,แม่น้ำป่าสัก,Pa Sak 9,Bo Phong,Nakhon Luang,Phra Nakhon Si Ayutthaya,0.0,W,4.405,3.877,-6.03,
167,PAT001,950301.0,บันนังสตา,6.262164271,101.2682331,95.0,บันนังสตา,บันนังสตา,ยะลา,แม่น้ำปัตตานี,Patthani 1,Bannang Sata,Bannang Sata,Yala,0.0,W,,,86.46164426877469,
168,PAT002,950118.0,เมืองยะลา,6.675272721,101.2864094,95.0,ตาเซะ,เมืองยะลา,ยะลา,แม่น้ำปัตตานี,Patthani 2,Tase,Mueang Yala,Yala,0.0,W,13.85,13.85,1.74,
169,PCH001,760112.0,เมืองเพชรบุรี,13.085558,99.943699,76.0,ต้นมะม่วง,เมืองเพชรบุรี,เพชรบุรี,แม่น้ำเพชรบุรี,Petch Buri 1,Ton Mamuang,Mueang Phetchaburi,Phetchaburi,0.0,W,6.096,7.391,-0.353,
170,PCH002,760803.0,แก่งกระจาน,12.9347,99.7805,76.0,วังจันทร์,แก่งกระจาน,เพชรบุรี,แม่น้ำเพชรบุรี,Petch Buri 2,Wang Chan,Kaeng Krachan,Phetchaburi,0.0,W,24.105,23.312,17.144,
171,PCH003,760511.0,ท่ายาง,12.81346,99.79404,76.0,กลัดหลวง,ท่ายาง,เพชรบุรี,แม่น้ำเพชรบุรี,Tha Yang,Klat Luang,Tha Yang,Phetchaburi,16.295,W,26.09,26.6,21.835,
172,PIN001,630204.0,บ้านตาก,17.04065,99.0662,63.0,ตากตก,บ้านตาก,ตาก,แม่น้ำปิง,Ping 1,Tak Tok,Ban Tak,Tak,0.0,W,121.6,121.6,118.19,
173,PIN002,630903.0,เมืองตาก,16.78656,99.18398,63.0,ประดาง,วังเจ้า,ตาก,แม่น้ำปิง,Ping 2,Pradang,Wang Chao,Tak,0.0,W,101.829,104.266,93.43,
174,PIN003,620107.0,สะพานลานดอกไม้,16.62822,99.43257,62.0,ลานดอกไม้,เมืองกำแพงเพชร,กำแพงเพชร,แม่น้ำปิง,Ping 3,Lan Dokmai,Mueang Kamphaeng Phet,Kamphaeng Phet,0.0,W,84.613,85.393,80.53,
175,PIN004,620404.0,ขาณุวรลักษบุรี,16.064704,99.860384,62.0,ป่าพุทรา,ขาณุวรลักษบุรี,กำแพงเพชร,แม่น้ำปิง,Ping 4,Pa Phutsa,Khanu Woralaksaburi,Kamphaeng Phet,0.0,W,45.331,43.922,38.988,
176,PIN005,600605.0,เก้าเลี้ยว,15.85066,100.05231,60.0,หัวดง,เก้าเลี้ยว,นครสวรรค์,แม่น้ำปิง,Ping 5,Hua Dong,Kao Liao,Nakhon Sawan,0.0,W,31.197,32.915,25.85,
177,PIN006,620105.0,เมืองกำแพงเพชร (P7A),16.477605,99.517644,62.0,นครชุม,เมืองกำแพงเพชร,กำแพงเพชร,แม่น้ำปิง,Mueang Kamphaeng Phet (P7A),Nakhon Chum,Mueang Kamphaeng Phet,Kamphaeng Phet,0.0,W,78.69,78.74,71.5,
178,PRC001,250201.0,กบินทร์บุรี,13.9866,101.705,25.0,กบินทร์,กบินทร์บุรี,ปราจีนบุรี,แม่น้ำปราจีนบุรี,Prachinburi 1,Kabin,Kabin Buri,Prachin Buri,0.0,W,11.75,11.62,0.44,
179,PRC002,250101.0,เมืองปราจีนบุรี,14.0525,101.373,25.0,หน้าเมือง,เมืองปราจีนบุรี,ปราจีนบุรี,แม่น้ำปราจีนบุรี,Prachinburi 2,Na Mueang,Mueang Prachin Buri,Prachin Buri,0.0,W,5.44,6.42,-4.27,
180,PRC003,250303.0,นาดี,14.13359,101.72765,25.0,สะพานหิน,นาดี,ปราจีนบุรี,แม่น้ำปราจีนบุรี,Na Di,Saphan Hin,Na Di,Prachin Buri,0.0,W,17.336,17.49,6.714,
181,PRC004,250701.0,ประจันตคาม (KGT7A),14.07069,101.51907,25.0,ประจันตคาม,ประจันตคาม,ปราจีนบุรี,แม่น้ำปราจีนบุรี,Prachinburi 4,Prachantakham,Prachantakham,Prachin Buri,0.0,W,6.8545,6.6625,86.46164426877469,
182,PRC005,250803.0,ศรีมหาโพธิ (KGT6),13.97306,101.51726,25.0,บ้านทาม,ศรีมหาโพธิ,ปราจีนบุรี,แม่น้ำปราจีนบุรี,Prachinburi 5,Ban Tham,Si Maha Phot,Prachin Buri,0.0,W,7.5808,7.9828,86.46164426877469,
183,PRN001,770608.0,ปราณบุรี,12.39006,99.91111,77.0,วังก์พง,ปราณบุรี,ประจวบคีรีขันธ์,ชายฝั่งทะเลประจวบคีรีขันธ์,Pran Buri 1,Wang Phong,Pran Buri,Prachuap Khiri Khan,0.0,W,6.627,8.263,-0.593,
184,PRN002,770705.0,หัวหิน,12.50846,99.84206,77.0,ทับใต้,หัวหิน,ประจวบคีรีขันธ์,ชายฝั่งทะเลประจวบคีรีขันธ์,Pran Buri 2,Thap Tai,Hua Hin,Prachuap Khiri Khan,20.423,W,32.162,31.776,28.287,
185,PYO001,560101.0,ท้ายกว๊านพะเยา,19.15981,99.9145,56.0,เวียง,เมืองพะเยา,พะเยา,แม่น้ำโขง,Kwan Phayao,Wiang,Mueang Phayao,Phayao,0.0,W,393.24,392.53,387.24,
186,RAJ001,700709.0,โพธาราม,13.6331,99.8165,70.0,เจ็ดเสมียน,โพธาราม,ราชบุรี,แม่น้ำแม่กลอง,Ratchaburi 1,Chet Samian,Photharam,Ratchaburi,0.0,W,7.845,9.028,-2.399,
187,RAJ002,700514.0,บ้านโป่ง,13.81871,99.86498,70.0,เบิกไพร,บ้านโป่ง,ราชบุรี,แม่น้ำแม่กลอง,Ratchaburi 2,Boek Phrai,Ban Pong,Ratchaburi,0.0,W,11.599,11.54,0.237,
188,RAJ003,700301.0,สวนผึ้ง,13.54368,99.35422,70.0,สวนผึ้ง,สวนผึ้ง,ราชบุรี,แม่น้ำแม่กลอง,Ratchaburi 3,Suan Phueng,Suan Phueng,Ratchaburi,0.0,W,99.384,100.608,92.935,
189,RAY001,210308.0,เมืองแกลง,12.80299,101.65021,21.0,บ้านนา,แกลง,ระยอง,ชายฝั่งทะเลตะวันออก,Mueang Klaeng,Ban Na,Klaeng,Rayong,0.0,W,3.899,4.204,-0.158,
190,RAY002,210506.0,หนองบัว,12.84922,101.30134,21.0,หนองบัว,บ้านค่าย,ระยอง,ชายฝั่งทะเลตะวันออก,Nong Bua,Nong Bua,Ban Khai,Rayong,0.0,W,17.008,15.967,86.46164426877469,
191,RAY003,210111.0,ทับมา,12.73794,101.22841,21.0,ทับมา,เมืองระยอง,ระยอง,ชายฝั่งทะเลตะวันออก,Thap Ma,Thap Ma,Mueang Rayong,Rayong,0.0,W,11.482,12.266,86.46164426877469,
192,RAY004,210504.0,บ้านค่าย,12.70687,101.3003,21.0,ตาขัน,บ้านค่าย,ระยอง,ชายฝั่งทะเลตะวันออก,Ban Khai,Ta Khan,Ban Khai,Rayong,0.0,W,5.191,3.333,86.46164426877469,
193,RNG001,850101.0,เมืองระนอง,9.96157,98.64472,85.0,เขานิเวศน์,เมืองระนอง,ระนอง,ภาคใต้ฝั่งตะวันตก,Mueang Ranong,Khao Niwet,Mueang Ranong,Ranong,0.0,W,12.112,10.387,7.2,
194,SAY001,960902.0,สุคิริน,5.94409,101.771046,96.0,สุคิริน,สุคิริน,นราธิวาส,ภาคใต้ฝั่งตะวันออก,Sai Buri 1,Sukhirin,Sukhirin,Narathiwat,0.0,W,,,86.46164426877469,
195,SAY002,960703.0,ศรีสาคร,6.227405,101.497046,96.0,ศรีสาคร,ศรีสาคร,นราธิวาส,ภาคใต้ฝั่งตะวันออก,Sai Buri 2,Si Sakhon,Si Sakhon,Narathiwat,0.0,W,35.04,35.03,22.49,
196,SKE001,270103.0,คลองพระปรง,13.93735,101.92236,27.0,ศาลาลำดวน,เมืองสระแก้ว,สระแก้ว,แม่น้ำปราจีนบุรี,Klong Pra Prong,Sala Lamduan,Mueang Sa Kaeo,Sa Kaeo,0.0,W,16.171,16.053,9.04,
197,SKE002,270108.0,เมืองสระแก้ว,13.80965,102.05432,27.0,สระขวัญ,เมืองสระแก้ว,สระแก้ว,แม่น้ำปราจีนบุรี,Mueang Sa Kaeo,Sa Khwan,Mueang Sa Kaeo,Sa Kaeo,0.0,W,35.905,34.909,24.321,
198,SKE003,270608.0,คลองพรหมโหด,13.7058768,102.4817152,27.0,บ้านใหม่หนองไทร,อรัญประเทศ,สระแก้ว,โตนเลสาป,Klong Prom Hod,Ban Mai Nong Sai,Aranyaprathet,Sa Kaeo,0.0,W,44.389,45.109,38.743,
199,SKG001,610301.0,สว่างอารมณ์,15.58584,99.86565,61.0,สว่างอารมณ์,สว่างอารมณ์,อุทัยธานี,แม่น้ำสะแกกรัง,Sakae Krang 1,Sawang Arom,Sawang Arom,Uthai Thani,0.0,W,36.93,35.896,29.3,
200,SKG002,610101.0,เมืองอุทัยธานี,15.37084,100.0442,61.0,อุทัยใหม่,เมืองอุทัยธานี,อุทัยธานี,แม่น้ำสะแกกรัง,Sakae Krang 2,Uthai Mai,Mueang Uthai Thani,Uthai Thani,0.0,W,17.797,17.842,10.97,
201,SKG003,620411.0,สะพานต้นน้ำ (เกาะแก้ว-ตลิ่งสูง),15.91436,99.4193,62.0,ปางมะค่า,ขาณุวรลักษบุรี,กำแพงเพชร,แม่น้ำสะแกกรัง,Ton num Bridge,Pang Makha,Khanu Woralaksaburi,Kamphaeng Phet,0.0,W,,,102.34,
202,SKG004,601303.0,สะพานแม่เลย์,15.84168,99.4181,60.0,แม่เล่ย์,แม่วงก์,นครสวรรค์,แม่น้ำสะแกกรัง,Sakae Krang 4,Mae Le,Mae Wong,Nakhon Sawan,0.0,W,,,86.46164426877469,
203,SKG005,620411.0,สะพานแม่วงก์,15.90197,99.4705,62.0,ปางมะค่า,ขาณุวรลักษบุรี,กำแพงเพชร,แม่น้ำสะแกกรัง,Maewong Bridge,Pang Makha,Khanu Woralaksaburi,Kamphaeng Phet,0.0,W,,,86.46164426877469,
204,SKG006,601116.0,ศาลเจ้าไก่ต่อ (TSK.2),15.78585,99.6784,60.0,ศาลเจ้าไก่ต่อ,ลาดยาว,นครสวรรค์,แม่น้ำสะแกกรัง,Sakae Krang 6,San Chao Kai To,Lat Yao,Nakhon Sawan,0.0,W,,,86.46164426877469,
205,SKG007,601116.0,คลองกลาง,15.78329,99.6532,60.0,ศาลเจ้าไก่ต่อ,ลาดยาว,นครสวรรค์,แม่น้ำสะแกกรัง,Sakae Krang 7,San Chao Kai To,Lat Yao,Nakhon Sawan,0.0,W,,,86.46164426877469,
206,SKM001,471104.0,อากาศอำนวย,17.77758,104.01511,47.0,โพนงาม,อากาศอำนวย,สกลนคร,แม่น้ำโขง,Songkram 1,Phon Ngam,Akat Amnuai,Sakon Nakhon,0.0,W,136.285,136.935,124.75,
207,SKM003,471006.0,บ้านม่วง,17.82158,103.38708,47.0,ห้วยหลัว,บ้านม่วง,สกลนคร,แม่น้ำโขง,Song Kram 3,Huai Lua,Ban Muang,Sakon Nakhon,0.0,W,154.5,154.5,145.86,154.5
208,SKM004,480801.0,ศรีสงคราม,17.67479,104.28576,48.0,ศรีสงคราม,ศรีสงคราม,นครพนม,แม่น้ำโขง,Sri Songkram,Sri Songkram,Sri Songkram,Nakhon Phanom,0.0,W,145.73,146.31,129.587,
209,SKM005,471207.0,สว่างแดนดิน,17.59462,103.38453,47.0,โพนสูง,สว่างแดนดิน,สกลนคร,แม่น้ำโขง,Sawang Daen Din,Phon Sung,Sawang Daen Din,Sakon Nakhon,0.0,W,157.209,156.592,150.1,
210,SLA001,901104.0,หาดใหญ่,6.979713637,100.4636725,90.0,คอหงส์,หาดใหญ่,สงขลา,ทะเลสาบสงขลา,Songkhla Lake 1,Kho Hong,Hat Yai,Songkhla,0.0,W,8.601,9.032,-3.329,
211,SLA002,901602.0,คลองหอยโข่ง,6.93138,100.44007,90.0,ทุ่งลาน,คลองหอยโข่ง,สงขลา,ทะเลสาบสงขลา,Song Khla Lake 2,Thung Lan,Khlong Hoi Khong,Songkhla,0.0,W,8.056,8.599,-1.601,
212,SLA003,901006.0,สะเดา,6.796643366,100.4420288,90.0,ท่าโพธิ์,สะเดา,สงขลา,ทะเลสาบสงขลา,Songkhla Lake 3,Tha Pho,Sadao,Songkhla,0.0,W,17.298,17.32,8.393,
213,SLA005,901507.0,ปากรอ,7.26143,100.42433,90.0,ปากรอ,สิงหนคร,สงขลา,ทะเลสาบสงขลา,Songkhla Lake 5,Pak Ro,Singhanakhon,Songkhla,0.0,W,0.97,1.62,-6.36,
214,SLA007,901402.0,บางกล่ำ,7.079451,100.427841,90.0,ท่าช้าง,บางกล่ำ,สงขลา,ทะเลสาบสงขลา,Songkhla 7,Tha Chang,Bang Klam,Songkhla,0.0,W,1.038,1.038,-1.91,
215,STU001,910105.0,เมืองสตูล,6.7266272,100.062592,91.0,ฉลุง,เมืองสตูล,สตูล,ภาคใต้ฝั่งตะวันตก,Satun 1,Chalung,Mueang Satun,Satun,0.0,W,15.148,15.139,12.922,
216,STU002,910502.0,ละงู,6.88579,99.80436,91.0,ละงู,ละงู,สตูล,ภาคใต้ฝั่งตะวันตก,La-ngu,La-ngu,La-ngu,Satun,-7.672,W,2.033,3.023,-1.172,
217,STU003,910702.0,มะนัง,6.94082,99.87296,91.0,นิคมพัฒนา,มะนัง,สตูล,ภาคใต้ฝั่งตะวันตก,Manang,Nikhom Phatthana,Manang,Satun,2.044,W,12.884,13.184,4.144,
218,STU004,910303.0,ควนกาหลง,6.92839,99.93607,91.0,อุใดเจริญ,ควนกาหลง,สตูล,ภาคใต้ฝั่งตะวันตก,Khuan Kalong,Udai Charoen,Khuan Kalong,Satun,16.132,W,28.887,26.037,19.632,
219,SVI001,860701.0,สวี 1,10.23119005,99.09837312,86.0,นาโพธิ์,สวี,ชุมพร,ภาคใต้ฝั่งตะวันออก,Sawi 1,Na Pho,Sawi,Chumphon,0.0,W,3.598,2.702,-3.542,
220,SVI002,860709.0,สวี 2,10.20323,99.04354,86.0,นาสัก,สวี,ชุมพร,ภาคใต้ฝั่งตะวันออก,Sawi 2,Na Sak,Sawi,Chumphon,0.0,W,9.661,9.692,-1.96,
221,TB0001,550117.0,บ้านกาใส,18.8657,100.676,55.0,สะเนียน,เมืองน่าน,น่าน,แม่น้ำน่าน,Ban Ka Sai,Sanian,Mueang Nan,Nan,0.0,W,,,86.46164426877469,
222,TB0002,550117.0,สะพานสองแคว,18.8641,100.641,55.0,สะเนียน,เมืองน่าน,น่าน,แม่น้ำน่าน,Song Kwae Bridge,Sanian,Mueang Nan,Nan,0.0,W,,,86.46164426877469,
223,TB0003,342403.0,สะพานข้ามลำเซบก,15.5038,104.966,34.0,ท่าเมือง,ดอนมดแดง,อุบลราชธานี,แม่น้ำมูล,Lum Se Bok Bridge,Tha Mueang,Don Mot Daeng,Ubon Ratchathani,0.0,W,,,86.46164426877469,
224,TB0004,190401.0,คลองแม่น้ำใน,14.3001,100.942,19.0,หนองหมู,วิหารแดง,สระบุรี,แม่น้ำเจ้าพระยา,Maenam Nai,Nong Mu,Wihan Daeng,Saraburi,0.0,W,,,86.46164426877469,
225,TB0005,190406.0,อบต.เจริญธรรม,14.3782,101.001,19.0,เจริญธรรม,วิหารแดง,สระบุรี,แม่น้ำเจ้าพระยา,Charoentham,Charoentham,Wihan Daeng,Saraburi,0.0,W,,,86.46164426877469,
226,TB0006,501208.0,เทศบาลตำบลทุ่งสะโตก,18.57384,98.86221,50.0,ทุ่งสะโตก,สันป่าตอง,เชียงใหม่,แม่น้ำปิง,Thung Satok,Thung Satok,San Pa Tong,Chiang Mai,0.0,W,,,86.46164426877469,
227,TBW008,501411.0,ฝ่ายส่งน้ำและบำรุงรักษาที่ 2,18.8835,99.0817,50.0,เมืองเล็น,สันทราย,เชียงใหม่,แม่น้ำปิง,Water Transmission and Maintenance 2,Mueang Len,San Sai ,Chiang Mai,319.784,W,322.227,322.39,318.75,
228,TBW009,520113.0,อ่างเก็บน้ำแม่เกี๋ยง,18.4327,99.4982,52.0,บ้านเอื้อม,เมืองลำปาง,ลำปาง,แม่น้ำวัง,Huai Mae Kiang,Ban Ueam,Mueang Lampang,Lampang,320.662,W,,,86.46164426877469,
229,TBW014,600306.0,สะพานข้ามคลองเกรียงไกร,15.8431,100.2114,60.0,บางเคียน,ชุมแสง,นครสวรรค์,แม่น้ำน่าน,Khlong Kriang Krai Bridge,Bang Khian,Chum Saeng,Nakhon Sawan,12.258,W,23.301,25.111,17.318,
230,TBW018,310720.0,อ่างเก็บน้ำคูขาด,14.5599,102.9515,31.0,ประทัดบุ,ประโคนชัย,บุรีรัมย์,แม่น้ำมูล,Khu Khad ,Prathat Bu,Prakhon Chai,Buri Ram,187.021,W,,,86.46164426877469,
231,TBW020,860207.0,สะพานข้ามคลองคดศอก,10.7556,99.1795,86.0,หงษ์เจริญ,ท่าแซะ,ชุมพร,ภาคใต้ฝั่งตะวันออก,Khot Sok,Hong Charoen,Tha sae,Chumphon,10.044,W,21.328,21.585,16.08,
232,TBW021,860205.0,สะพานมิตรภาพรับร่อ-หินแก้ว,10.6074,99.0953,86.0,รับร่อ,ท่าแซะ,ชุมพร,ภาคใต้ฝั่งตะวันออก,Rap Ro - Hin Kaeo Bridge,Rap Ro,Tha Sae,Chumphon,0.0,W,15.671,16.701,6.483,
233,TBW022,570102.0,สะพานแม่ฟ้าหลวง,19.92219,99.81782,57.0,รอบเวียง,เมืองเชียงราย,เชียงราย,แม่น้ำกก,Kok 1,Rop Wiang,Mueang Chiang Rai,Chiang Rai,0.0,W,394.613,392.258,388.479,
234,TBW023,570602.0,คลองแม่พุง,19.5665,99.9842,57.0,ป่าแงะ,ป่าแดด,เชียงราย,แม่น้ำโขง,Ing 3,Pa Ngae,Pa Daet,Chiang Rai,0.0,W,384.427,385.843,379.367,
235,TBW024,570308.0,สะพานอิงอุดม,20.1963,100.4417,57.0,ศรีดอนชัย,เชียงของ,เชียงราย,แม่น้ำโขง,Ing 1,Si Don Chai,Chiang Khong,Chiang Rai,0.0,W,349.28,349.69,335.379,
236,TBW025,460403.0,คลองปาว,16.2592,103.6904,46.0,เหล่าอ้อย,ร่องคำ,กาฬสินธุ์,แม่น้ำชี,Chi 1-1,Lao Aoi,Rong Kham,Kalasin ,0.0,W,134.124,133.249,125.276,
237,TBW026,461402.0,ห้วยยัง,16.6035,103.9623,46.0,ไค้นุ่น,ห้วยผึ้ง,กาฬสินธุ์,แม่น้ำชี,Chi 11-1,Khai Nun,Huai Phueng,Kalasin ,0.0,W,162.184,162.953,155.151,
238,TBW027,470408.0,ลำน้ำอูน,17.3228,103.979,47.0,สว่าง,พรรณานิคม,สกลนคร,แม่น้ำโขง,Songkhram 2,Sawang,Phanna Nikhom,Sakon Nakhon,0.0,W,154.846,157.343,148.233,
239,TBW028,471101.0,บ้านโพธิ์ชัยทอง,17.5997,103.9809,47.0,อากาศ,อากาศอำนวย,สกลนคร,แม่น้ำโขง,Songkhram 3,Akat,Akat Amnuai,Sakon Nakhon,0.0,W,151.09,149.486,142.917,
240,TBW029,450701.0,ลำน้ำยัง,16.3206,104.0224,45.0,แวง,โพนทอง,ร้อยเอ็ด,แม่น้ำชี,Chi 10-1,Waeng,Phon Thong,Roi Et,0.0,W,142.177,144.318,86.46164426877469,
241,TBW030,471401.0,ลำน้ำพุง,16.9966,104.1735,47.0,เต่างอย,เต่างอย,สกลนคร,แม่น้ำโขง,Num Pung,Tao Ngoi,Tao Ngoi,Sakon Nakhon,0.0,W,175.894,175.646,167.025,
242,TBW031,350505.0,ห้วยลำโพง,15.8062,104.328,35.0,ศรีฐาน,ป่าติ้ว,ยโสธร,แม่น้ำมูล,Yasothon 2,Si Than,Pa Tio,Yasothon,0.0,W,127.841,129.678,120.786,
243,TBW032,480708.0,ลำน้ำก่ำ,17.0306,104.4147,48.0,หนองบ่อ,นาแก,นครพนม,แม่น้ำโขง,Num Kum 1,Maet Na Thom,Khok Si Suphan,Sakon Nakhon,0.0,W,152.375,154.547,142.336,
244,TBW033,350803.0,ลำเซบาย,16.1954,104.5255,35.0,สวาท,เลิงนกทา,ยโสธร,แม่น้ำมูล,Yasothon 1,Sawat,Loeng Nok Tha,Yasothon,0.0,W,146.637,144.663,140.269,
245,THA001,180106.0,สะพานคง-ศุข ศรีสวัสดิ์,15.22503,100.07826,18.0,หาดท่าเสา,เมืองชัยนาท,ชัยนาท,แม่น้ำเจ้าพระยา,Tha Chin 1,Tha Hat Sao,Mueang Chai Nat,Chai Nat,0.0,W,19.545,19.808,7.578,
246,THA002,180502.0,สรรคบุรี (แม่น้ำน้อย),15.06407,100.16292,18.0,เที่ยงแท้,สรรคบุรี,ชัยนาท,แม่น้ำเจ้าพระยา,Tha Chin 2,Thiang Thae,Sankhaburi,Chai Nat,0.0,W,15.412,14.828,7.228,
247,THA003,720302.0,ด่านช้าง,14.83503,99.66538,72.0,ด่านช้าง,ด่านช้าง,สุพรรณบุรี,แม่น้ำท่าจีน,Tha Chin 3,Dan Chang,Dan Chang,Suphan Buri,0.0,W,65.386,65.306,61.461,
248,THA004,720803.0,สามชุก,14.751473,100.095834,72.0,สามชุก,สามชุก,สุพรรณบุรี,แม่น้ำท่าจีน,Tha Chin 4,Sam Chuk,Sam Chuk,Suphan Buri,0.0,W,9.602,7.184,1.947,
249,THA005,720101.0,เมืองสุพรรณบุรี,14.47049,100.11475,72.0,ท่าพี่เลี้ยง,เมืองสุพรรณบุรี,สุพรรณบุรี,แม่น้ำท่าจีน,Tha Chin 5,Tha Phi Liang,Mueang Suphan Buri,Suphan Buri,0.0,W,4.509,5.02,-1.395,
250,THA006,720703.0,บางตาเถร,14.157492,100.127761,72.0,บางตาเถร,สองพี่น้อง,สุพรรณบุรี,แม่น้ำท่าจีน,Tha Chin 6,Bang Ta Then,Song Phi Nong,Suphan Buri,0.0,W,2.3,2.3,-2.948,3.0
251,THA007,730501.0,บางเลน,14.016356,100.179869,73.0,บางเลน,บางเลน,นครปฐม,แม่น้ำท่าจีน,Tha Chin 7,Bang Len,Bang Len,Nakhon Pathom,0.0,W,2.4,2.4,-2.016,
252,THA008,730603.0,สามพราน,13.79216,100.19796,73.0,หอมเกร็ด,สามพราน,นครปฐม,แม่น้ำท่าจีน,Tha Chin 8,Hom Kret,Sam Phran,Nakhon Pathom,0.0,W,2.968,1.951,-7.672,
253,THA009,740108.0,เมืองสมุทรสาคร,13.58595,100.23054,74.0,ท่าจีน,เมืองสมุทรสาคร,สมุทรสาคร,แม่น้ำท่าจีน,Tha Chin 9,Tha Chin,Mueang Samut Sakhon,Samut Sakhon,0.0,W,1.894,1.8,-7.901,
254,THA010,720701.0,สองพี่น้อง,14.21593,100.05016,72.0,สองพี่น้อง,สองพี่น้อง,สุพรรณบุรี,แม่น้ำท่าจีน,Song Phi Nong,Song Phi Nong,Song Phi Nong,Suphan Buri,0.0,W,2.637,2.514,-1.51,
255,THA011,730502.0,บางปลา,13.9705,100.158,73.0,บางปลา,บางเลน,นครปฐม,แม่น้ำท่าจีน,Tha Chin 11,Bang Pla,Bang Len,Nakhon Phanom,0.0,W,3.701,4.135,-2.028,
256,TKP001,820505.0,ตะกั่วป่า,8.776257,98.390052,82.0,ตำตัว,ตะกั่วป่า,พังงา,ภาคใต้ฝั่งตะวันตก,Takua Pa 1,Tam Tua,Takua Pa,Phang Nga,0.0,W,8.778,7.783,5.52,
257,TKP002,820103.0,เมืองพังงา,8.47702,98.52825,82.0,ถ้ำน้ำผุด,เมืองพังงา,พังงา,ภาคใต้ฝั่งตะวันตก,Takua Pa 2,Tham Nam Phut,Mueang Phang Nga,Phang Nga,0.0,W,12.778,11.723,2.01,
258,TNG001,920704.0,สะพานหนำเหนือ,7.7294,99.55138,92.0,ท่าสะบ้า,วังวิเศษ,ตรัง,ภาคใต้ฝั่งตะวันตก,Trang 1,Tha Sa Ba,Wang Wiset,Trang,0.0,W,11.778,11.633,-3.28,
259,TNG002,920109.0,เมืองตรัง,7.55573,99.578451,92.0,บางรัก,เมืองตรัง,ตรัง,ภาคใต้ฝั่งตะวันตก,Trang 2,Bang Rak,Mueang Trang,Trang,0.0,W,4.054,4.054,-3.014,
260,TNG003,920108.0,คลองนางน้อย,7.56816,99.65108,92.0,นาโยงใต้,เมืองตรัง,ตรัง,ภาคใต้ฝั่งตะวันตก,Trang 3,Na Yong Tai,Mueang Trang,Trang ,4.123,W,16.821,16.964,14.423,
261,TNG004,920412.0,ปะเหลียน,7.37193,99.6773,92.0,ท่าพญา,ปะเหลียน,ตรัง,ภาคใต้ฝั่งตะวันตก,Trang 4,Tha Phaya,Palian,Trang,-6.566,W,5.407,4.699,-0.766,
262,TNG005,920701.0,วังวิเศษ,7.66889,99.45928,92.0,เขาวิเศษ,วังวิเศษ,ตรัง,ภาคใต้ฝั่งตะวันตก,Trang 5,Khao Wiset,Wang Wiset,Trang,1.492,W,11.857,11.604,8.592,
263,TNG006,920901.0,รัษฎา,7.96412,99.59776,92.0,ควนเมา,รัษฎา,ตรัง,ภาคใต้ฝั่งตะวันตก,Trang 6,"Khuan Mao,",Ratsada,Trang,14.0,W,25.605,24.445,17.1,
264,TON001,270302.0,ตาพระยา,14.0512,102.88532,27.0,ทัพเสด็จ,ตาพระยา,สระแก้ว,โตนเลสาป,Ta Phraya,Thap Sadet,Ta Phraya,Sa Kaeo,0.0,W,59.0445,58.9445,86.46164426877469,
265,TON002,220404.0,โป่งน้ำร้อน,13.03652,102.38159,22.0,หนองตาคง,โป่งน้ำร้อน,จันทบุรี,โตนเลสาป,Pong Nam Ron,Nong Ta Khong,Pong Nam Ron,Chantaburi,0.0,W,109.859,107.255,86.46164426877469,
266,TPI001,841701.0,พุนพิน 1,9.13127,99.25883,84.0,ท่าข้าม,พุนพิน,สุราษฎร์ธานี,แม่น้ำตาปี,Tapi 1,Tha Kham,Phunphin,Surat Thani,0.0,W,3.828,3.523,-5.122,
267,TPI002,841714.0,พุนพิน 2,9.08679,99.17065,84.0,หนองไทร,พุนพิน,สุราษฎร์ธานี,แม่น้ำตาปี,Tapi 2,Nong Sai,Phunphin,Surat Thani,0.0,W,4.756,4.335,-5.237,
268,TPI003,841702.0,พุนพิน 3,8.98699,99.21124,84.0,ท่าสะท้อน,พุนพิน,สุราษฎร์ธานี,แม่น้ำตาปี,Tapi 3,Tha Sathon,Phunphin,Surat Thani,0.0,W,2.858,3.174,-3.425,
269,TPI004,840801.0,ท่าขนอม,9.029204507,98.96962682,84.0,ท่าขนอน,คีรีรัฐนิคม,สุราษฎร์ธานี,แม่น้ำตาปี,Tapi 4,Tha Khanon,Khiri Rat Nikhom,Surat Thani,0.0,W,11.242,11.969,-0.952,
270,TPI005,841504.0,เวียงสระ,8.57094,99.25391,84.0,ทุ่งหลวง,เวียงสระ,สุราษฎร์ธานี,แม่น้ำตาปี,Tapi 5,Thung Luang,Wiang Sa,Surat Thani,0.0,W,9.294,11.311,2.943,
271,TPI006,841604.0,พระแสง,8.53743,99.18084,84.0,ไทรขึง,พระแสง,สุราษฎร์ธานี,แม่น้ำตาปี,Tapi 6,Sai Khueng,Phrasaeng,Surat Thani,-1.252,W,11.217,12.312,4.848,
272,TPI007,841902.0,วิภาวดี,9.20622,98.95229,84.0,ตะกุกเหนือ,วิภาวดี,สุราษฎร์ธานี,แม่น้ำตาปี,Tapi 7,Takuk Nuea,Vibhavadi,Surat Thani,0.0,W,34.73,33.46,20.858,
273,TRD001,230108.0,เมืองตราด,12.3252,102.50049,23.0,ห้วยแร้ง,เมืองตราด,ตราด,ชายฝั่งทะเลตะวันออก,Trat 1,Haui Rang,Mueang Trat,Trat,0.0,W,3.802,3.634,-14.627,
274,TRD002,230108.0,ห้วยแร้ง,12.36934,102.54339,23.0,ห้วยแร้ง,เมืองตราด,ตราด,ชายฝั่งทะเลตะวันออก,Trat 2,Huai Raeng,Mueang Trat,Trat,0.0,W,3.558,11.076,86.46164426877469,
275,TRD003,230107.0,วังกระแจะ,12.26253,102.52694,23.0,วังกระแจะ,เมืองตราด,ตราด,ชายฝั่งทะเลตะวันออก,Trat 3,Wang Krachae,Mueang Trat,Trat,0.0,W,1.23,1.49,86.46164426877469,
276,TRD004,230101.0,บางพระ,12.23814,102.50971,23.0,บางพระ,เมืองตราด,ตราด,ชายฝั่งทะเลตะวันออก,Trat 4,Bang Phra,Mueang Trat,Trat,0.0,W,1.244,2.454,86.46164426877469,
277,VLGE12,650507.0,นครป่าหมาก,16.6233,100.37,65.0,นครป่าหมาก,บางกระทุ่ม,พิษณุโลก,แม่น้ำน่าน,Nakhon Pa Mak Communuty,Nakhon Pa Mak,Bang Kathum,Phitsanulok,0.0,W,,,86.46164426877469,
278,VLGE13,650407.0,ชุมแสงสงคราม,16.8586,100.06,65.0,ชุมแสงสงคราม,บางระกำ,พิษณุโลก,แม่น้ำยม,Chum Saeng Songkhram Communuty,Chum Saeng Songkhram,Bang Rakam,Phitsanulok,0.0,W,,,86.46164426877469,
279,VLGE16,841703.0,ชุมชนลีเล็ด,9.191722,99.253826,84.0,ลีเล็ด,พุนพิน,สุราษฎร์ธานี,แม่น้ำตาปี,Lilet Communuty,Lilet,Phunphin,Surat Thani,0.0,W,,,86.46164426877469,
280,VLGE20,730703.0,ศาลาดิน,13.80783,100.27413,73.0,มหาสวัสดิ์,พุทธมณฑล,นครปฐม,แม่น้ำท่าจีน,Saladin Communuty,Maha Sawat,Phutthamonthon,Nakhon Pathom,0.0,W,,,86.46164426877469,
281,VLGE26,210313.0,ชุมชนประแส,12.72578,101.694888,21.0,ปากน้ำกระแส,แกลง,ระยอง,ชายฝั่งทะเลตะวันออก,Prasae Communuty,Pak Nam Krasae,Klaeng,Rayong,0.0,W,,,86.46164426877469,
282,VLGE29,940303.0,ชุมชนบ้านท่าด่าน,6.83216,101.207,94.0,ดอนรัก,หนองจิก,ปัตตานี,ภาคใต้ฝั่งตะวันออก,Ban Tha Dan Communuty,Don Rak,Nong Chik,Pattani,0.0,W,,,86.46164426877469,
283,VLGE40,841006.0,บ้านทับคริสต์,8.72682,98.81715,84.0,คลองชะอุ่น,พนม,สุราษฎร์ธานี,แม่น้ำตาปี,Ban Thap Christ 2 Communuty,Khlong Cha-un,Phanom,Surat Thani,0.0,W,,,86.46164426877469,
284,VLGE41,950114.0,ชุมชนบ้านควน 1,6.576905,101.16948,95.0,พร่อน,เมืองยะลา,ยะลา,แม่น้ำปัตตานี,Ban Khuan 1 Communuty,Phron,Mueang Yala,Yala,0.0,W,,,86.46164426877469,
285,VLGE42,950114.0,ชุมชนบ้านควน 2,6.576333,101.19905,95.0,พร่อน,เมืองยะลา,ยะลา,แม่น้ำปัตตานี,Ban Khuan 2 Communuty,Phron,Mueang Yala,Yala,0.0,W,,,86.46164426877469,
286,WAN001,630302.0,สามเงา,17.26062,99.07796,63.0,วังหมัน,สามเงา,ตาก,แม่น้ำวัง,Wang 1,Wang Man,Sam Ngao,Tak,0.0,W,142.879,141.858,131.5,
287,WAN002,520901.0,แม่พริก,17.4454,99.12909,52.0,แม่พริก,แม่พริก,ลำปาง,แม่น้ำวัง,Wang 2,Mae Phrik,Mae Phrik,Lampang,0.0,W,155.809,155.417,145.55,
288,WAN003,520807.0,เถิน,17.75169,99.23061,52.0,แม่ถอด,เถิน,ลำปาง,แม่น้ำวัง,Wang 3,Mae Thod,Thoen,Lampang,0.0,W,180.119,178.689,171.42,
289,WAN004,520304.0,เกาะคา,18.159187,99.384202,52.0,วังพร้าว,เกาะคา,ลำปาง,แม่น้ำวัง,Wang 4,Wang Phrao,Ko Kha,Lampang,0.0,W,214.888,217.723,207.37,
290,WAN005,520117.0,เมืองลำปาง,18.34291,99.5371,52.0,ต้นธงชัย,เมืองลำปาง,ลำปาง,แม่น้ำวัง,Wang 5,Ton Thongchai,Mueang Lampang,Lampang,0.0,W,235.75,238.342,230.77,
291,WAN006,520101.0,วัง6(W1C),18.299717,99.511231,52.0,เวียงเหนือ,เมืองลำปาง,ลำปาง,แม่น้ำวัง,Wang 6,Wian Nuea,Mueang Lampang,Lampang,0.0,W,,,86.46164426877469,
292,WEI011,361503.0,เหนือฝายยางกะฮาด,15.6391552,102.0393152,36.0,กะฮาด,เนินสง่า,ชัยภูมิ,แม่น้ำชี,Upper Yang  Kahad Weir,Kahad,Noen Sa-nga,Chaiyaphum,0.0,W,,,86.46164426877469,
293,WEI012,361503.0,ท้ายฝายยางกะฮาด,15.63953,102.04035,36.0,กะฮาด,เนินสง่า,ชัยภูมิ,แม่น้ำชี,Yang Kahad Weir,Kahad,Noen Sa-nga,Chaiyaphum,0.0,W,,,86.46164426877469,
294,WEI021,302302.0,เหนือฝายยางแก้งสนามนาง,15.7909,102.30473,30.0,โนนสำราญ,แก้งสนามนาง,นครราชสีมา,แม่น้ำชี,Upper Yang Kaeng Sanam Nang Weir,Non Samran,Kaeng Sanam Nang,Nakhon Ratchasima,0.0,W,,,86.46164426877469,
295,WEI022,302302.0,ท้ายฝายยางแก้งสนามนาง,15.7909,102.30473,30.0,โนนสำราญ,แก้งสนามนาง,นครราชสีมา,แม่น้ำชี,Yang Kaeng Sanam Nang Weir,Non Samran,Kaeng Sanam Nang,Nakhon Ratchasima,0.0,W,,,86.46164426877469,
296,WEI031,401807.0,เหนือฝายชนบท,16.07473,102.49362,40.0,โนนพะยอม,ชนบท,ขอนแก่น,แม่น้ำชี,Upper Chonnabot Weir,Non Phayom,Chonnabot,Khon Kaen,0.0,W,,,86.46164426877469,
297,WEI032,401807.0,ท้ายฝายชนบท,16.07473,102.49362,40.0,โนนพะยอม,ชนบท,ขอนแก่น,แม่น้ำชี,Chonnabot Weir,Non Phayom,Chonnabot,Khon Kaen,0.0,W,,,86.46164426877469,
298,WEI041,400701.0,เหนือฝายหนองหวาย,16.72653,102.80362,40.0,น้ำพอง,น้ำพอง,ขอนแก่น,แม่น้ำชี,Upper Nong Wai Weir,Nam Phong,Nam Phong,Khon Kaen,0.0,W,,,86.46164426877469,
299,WEI051,440308.0,เหนือฝายมหาสารคาม,16.36915,102.94787,44.0,หนองบัว,โกสุมพิสัย,มหาสารคาม,แม่น้ำชี,Upper Maha Sarakham Weir,Nong Bua,Kosum Phisai,Maha Sarakham,0.0,W,,,86.46164426877469,
300,WEI052,440308.0,ท้านฝายมหาสารคาม,16.36915,102.94787,44.0,หนองบัว,โกสุมพิสัย,มหาสารคาม,แม่น้ำชี,Maha Sarakham Weir,Nong Bua,Kosum Phisai,Maha Sarakham,0.0,W,,,86.46164426877469,
301,WEI061,461805.0,เหนือฝายวังยาง,16.2,103.47325,46.0,ลำชี,ฆ้องชัย,กาฬสินธุ์,แม่น้ำชี,Upper Wang Yang Weir,Lamchi,Khong Chai,Kalasin,0.0,W,,,86.46164426877469,
302,WEI062,461805.0,ท้ายฝายวังยาง,16.2,103.47325,46.0,ลำชี,ฆ้องชัย,กาฬสินธุ์,แม่น้ำชี,Wang Yang Weir,Lamchi,King Amphoe,Kalasin,0.0,W,,,86.46164426877469,
303,WEI071,451803.0,เหนือฝายร้อยเอ็ด,16.1725,103.78944,45.0,พระธาตุ,เชียงขวัญ,ร้อยเอ็ด,แม่น้ำชี,Upper Roi Et Weir,Phra That,Chiang Khwan,Roi Et,0.0,W,,,86.46164426877469,
304,WEI072,451803.0,ท้ายฝายร้อยเอ็ด,16.1725,103.78944,45.0,พระธาตุ,เชียงขวัญ,ร้อยเอ็ด,แม่น้ำชี,Roi Et Weir,Phra That,Chiang Khwan,Roi Et,0.0,W,,,86.46164426877469,
305,WEI081,450602.0,เหนือฝายยโสธร,15.7325616,104.1318016,45.0,แสนสุข,พนมไพร,ร้อยเอ็ด,แม่น้ำชี,Upper Yasotorn Weir,Saen Suk,Phanom Phrai,Roi Et,0.0,W,,,86.46164426877469,
306,WEI091,340417.0,เหนือฝายธาตุน้อย,15.31205,104.45617,34.0,สหธาตุ,เขื่องใน,อุบลราชธานี,แม่น้ำชี,Upper Tat Noi Weir,Saha Tat,Khueang Nai,Ubon Ratchathani,0.0,W,,,86.46164426877469,
307,WEI092,340417.0,ท้ายฝายธาตุน้อย,15.31205,104.45617,34.0,สหธาตุ,เขื่องใน,อุบลราชธานี,แม่น้ำชี,Tat Noi Weir,Saha Tat,Khueang Nai,Ubon Ratchathani,0.0,W,,,86.46164426877469,
308,WEI101,330306.0,เหนือฝายหัวนา,15.13304,104.70403,33.0,หนองแก้ว,กันทรารมย์,ศรีสะเกษ,แม่น้ำมูล,Upper Hua Na Weir,Nong Kaeo,Kanthararom,Si Sa Ket,0.0,W,,,86.46164426877469,
309,WEI102,330306.0,ท้ายฝายหัวนา,15.1343568,104.702784,33.0,หนองแก้ว,กันทรารมย์,ศรีสะเกษ,แม่น้ำมูล,Hua Na Weir,Nong Kaeo,Kanthararom,Si Sa Ket,0.0,W,,,86.46164426877469,
310,WEI111,330910.0,เหนือฝายราษีไศล,15.3433,104.0982,33.0,บัวหุ่ง,ราษีไศล,ศรีสะเกษ,แม่น้ำมูล,Upper Rasi Salai Weir,Bua Hung,Rasi Salai,Si Sa Ket,0.0,W,,,86.46164426877469,
311,WEI112,330910.0,ท้ายฝายราษีไศล,15.3433,104.0982,33.0,บัวหุ่ง,ราษีไศล,ศรีสะเกษ,แม่น้ำมูล,Rasi Salai Weir,Bua Hung,Rasi Salai,Si Sa Ket,0.0,W,,,86.46164426877469,
312,WEI121,320209.0,เหนือฝายยางบ้านตะลุง,15.29309,103.54178,32.0,หนองเรือ,ชุมพลบุรี,สุรินทร์,แม่น้ำมูล,Upper Ban Ta Lung Weir,Nong Ruea,Chumphonburi,Surin,0.0,W,,,86.46164426877469,
313,WEI122,320209.0,ท้ายฝายยางบ้านตะลุง,15.29309,103.54178,32.0,หนองเรือ,ชุมพลบุรี,สุรินทร์,แม่น้ำมูล,Ban Ta Lung Weir,Nong Ruea,Chumphonburi,Surin,0.0,W,,,86.46164426877469,
314,WEI131,310202.0,เหนือฝายยางบ้านเขว้า,15.4119,103.10326,31.0,ปะเคียบ,คูเมือง,บุรีรัมย์,แม่น้ำมูล,Upper Ban Kawao Weir,Pa Khiap,Khu Mueang,Buri Ram,0.0,W,,,86.46164426877469,
315,WEI132,310202.0,ท้ายฝายยางบ้านเขว้า,15.4119,103.10326,31.0,ปะเคียบ,คูเมือง,บุรีรัมย์,แม่น้ำมูล,Ban Kawao Weir,Pa Khiap,Khu Mueang,Buri Ram,0.0,W,,,86.46164426877469,
316,WEI141,301701.0,เหนือฝายชุมพวง,15.38688,102.71897,30.0,ชุมพวง,ชุมพวง,นครราชสีมา,แม่น้ำมูล,Upper Chum Phuang Weir,Chum Phuang,Chum Phuang,Nakhon Ratchasima,0.0,W,,,86.46164426877469,
317,WEI142,301701.0,ท้ายฝายชุมพวง,15.38688,102.71897,30.0,ชุมพวง,ชุมพวง,นครราชสีมา,แม่น้ำมูล,Chum Phuang Weir,Chum Phuang,Chum Phuang,Nakhon Ratchasima,0.0,W,,,86.46164426877469,
318,WEI151,301501.0,เหนือฝายพิมาย,15.22879,102.50182,30.0,ในเมือง,พิมาย,นครราชสีมา,แม่น้ำมูล,Upper Phimai Weir,Nai Mueang,Phimai,Nakhon Ratchasima,0.0,W,,,86.46164426877469,
319,YOM001,560601.0,ปง,19.1483,100.2776,56.0,ปง,ปง,พะเยา,แม่น้ำยม,Yom 1,Pong,Pong,Phayao,0.0,W,293.426,293.084,287.24,
320,YOM002,560403.0,เชียงม่วน,18.94623,100.25925,56.0,สระ,เชียงม่วน,พะเยา,แม่น้ำยม,Yom 2,Sa,Chiang Muan,Phayao,0.0,W,267.472,267.109,256.76,
321,YOM003,540803.0,หนองม่วงไข่,18.26593472,100.1769669,54.0,น้ำรัด,หนองม่วงไข่,แพร่,แม่น้ำยม,Yom 3,Nam Rad,Nong Muang Khai,Phrae,0.0,W,158.977,157.0,151.7,
322,YOM004,540501.0,เด่นชัย,18.02096127,100.0588285,54.0,เด่นชัย,เด่นชัย,แพร่,แม่น้ำยม,Yom 4,Den Chai,Den Chai,Phrae,0.0,W,147.259,147.708,135.95,
323,YOM005,640501.0,ศรีสัชนาลัย,17.51729607,99.75863154,64.0,หาดเสี้ยว,ศรีสัชนาลัย,สุโขทัย,แม่น้ำยม,Yom 5,Hat Siao,Si Satchanalai,Sukhothai,0.0,W,72.281,72.496,57.0,
324,YOM006,640710.0,สวรรคโลก,17.20100959,99.86329341,64.0,ท่าทอง,สวรรคโลก,สุโขทัย,แม่น้ำยม,Yom 6,Tha Thong,Sawankhalok,Sukhothai,0.0,W,57.646,57.924,46.35,
325,YOM007,640401.0,กงไกรลาศ,16.92746736,99.9594586,64.0,กง,กงไกรลาศ,สุโขทัย,แม่น้ำยม,Yom 7,Kong,Kong Krailat,Sukhothai,0.0,W,45.05,44.966,34.09,
326,YOM008,650401.0,บางระกำ,16.7081376,100.1717824,65.0,บางระกำ,บางระกำ,พิษณุโลก,แม่น้ำยม,Yom 8,Bang Rakam,Bang Rakam,Phitsanulok,0.0,W,40.437,40.81,29.6,
327,YOM009,660301.0,โพธิ์ประทับช้าง,16.31081,100.27177,66.0,โพธิ์ประทับช้าง,โพธิ์ประทับช้าง,พิจิตร,แม่น้ำยม,Yom 9,Pho Prathap Chang,Pho Prathap Chang,Phichit,0.0,W,33.627,32.5,26.0,33.0
328,YOM010,540110.0,เมืองแพร่,18.13395,100.12508,54.0,ป่าแมต,เมืองแพร่,แพร่,แม่น้ำยม,Yom 10,Pa Maet,Mueang Phrae,Phrae,0.0,W,149.518,151.215,143.435,
329,YOM011,520502.0,งาว,18.76083,99.97244,52.0,หลวงใต้,งาว,ลำปาง,แม่น้ำยม,Yom 11,Luang Tai,Ngao,Lampang,0.0,W,270.07,270.61,268.19,
330,YOM012,640101.0,เมืองสุโขทัย,17.02139,99.81981,64.0,ธานี,เมืองสุโขทัย,สุโขทัย,แม่น้ำยม,Yom 12,Thani,Mueang Sukhothai,Sukhothai,0.0,W,51.49,51.49,38.817,
331,,,,,,,,,กระบี่,,,,,,,,,,86.46164426877469,
332,,,,,,,,,ภูเก็ต,,,,,,,,,,86.46164426877469,
